"id","agentname","operatingsystem","devicearch","browser"
941,"Mozilla/4.0 (compatible; MSIE 8.0; Windows NT 6.1)","Windows 10","x86","Internet Explorer"
942,"Mozilla/4.0 (compatible; MSIE 8.0; Windows NT 6.1)","Windows 10","x86","Internet Explorer"
943,"Mozilla/4.0 (compatible; MSIE 8.0; Windows NT 6.1)","Windows 10","x64","Internet Explorer"
944,"Mozilla/4.0 (compatible; MSIE 8.0; Windows NT 6.1)","Windows 10","ARM","Internet Explorer"
945,"Mozilla/4.0 (compatible; MSIE 8.0; Windows NT 6.1)","Windows 10","x64","Internet Explorer"
946,"Mozilla/4.0 (compatible; MSIE 8.0; Windows NT 6.1)","Windows 10","x64","Internet Explorer"
947,"Mozilla/4.0 (compatible; MSIE 8.0; Windows NT 6.1)","Windows 10","x86","Internet Explorer"
948,"Mozilla/4.0 (compatible; MSIE 8.0; Windows NT 6.1)","Windows 10","x64","Internet Explorer"
949,"Mozilla/4.0 (compatible; MSIE 8.0; Windows NT 6.1)","Windows 10","x86","Internet Explorer"
950,"Mozilla/4.0 (compatible; MSIE 8.0; Windows NT 6.1)","Windows 10","x86","Internet Explorer"
951,"Mozilla/4.0 (compatible; MSIE 8.0; Windows NT 6.1)","Windows 10","x64","Internet Explorer"
952,"Mozilla/4.0 (compatible; MSIE 8.0; Windows NT 6.1)","Windows 10","x86","Internet Explorer"
953,"Mozilla/4.0 (compatible; MSIE 8.0; Windows NT 6.1)","Windows 10","x86","Internet Explorer"
954,"Mozilla/4.0 (compatible; MSIE 8.0; Windows NT 6.1)","Windows 10","x86","Internet Explorer"
955,"Mozilla/4.0 (compatible; MSIE 8.0; Windows NT 6.1)","Windows 10","x86","Internet Explorer"
956,"Mozilla/4.0 (compatible; MSIE 8.0; Windows NT 6.1)","Windows 10","x86","Internet Explorer"
957,"Mozilla/4.0 (compatible; MSIE 8.0; Windows NT 6.1)","Windows 10","x86","Internet Explorer"
958,"Mozilla/4.0 (compatible; MSIE 8.0; Windows NT 6.1)","Windows 10","x86","Internet Explorer"
959,"Mozilla/4.0 (compatible; MSIE 8.0; Windows NT 6.1)","Windows 10","x86","Internet Explorer"
960,"Mozilla/4.0 (compatible; MSIE 8.0; Windows NT 6.1)","Windows 10","ARM","Internet Explorer"
961,"Mozilla/4.0 (compatible; MSIE 8.0; Windows NT 6.1)","Windows 10","x86","Internet Explorer"
962,"Mozilla/4.0 (compatible; MSIE 8.0; Windows NT 6.1)","Windows 10","ARM","Internet Explorer"
963,"Mozilla/4.0 (compatible; MSIE 8.0; Windows NT 6.1)","Windows 10","x64","Internet Explorer"
964,"Mozilla/4.0 (compatible; MSIE 8.0; Windows NT 6.1)","Windows 10","x86","Internet Explorer"
965,"Mozilla/4.0 (compatible; MSIE 8.0; Windows NT 6.1)","Windows 10","x86","Internet Explorer"
966,"Mozilla/4.0 (compatible; MSIE 8.0; Windows NT 6.1)","Windows 10","x86","Internet Explorer"
967,"Mozilla/4.0 (compatible; MSIE 8.0; Windows NT 6.1)","Windows 10","ARM","Internet Explorer"
968,"Mozilla/4.0 (compatible; MSIE 8.0; Windows NT 6.1)","Windows 10","ARM","Internet Explorer"
969,"Mozilla/4.0 (compatible; MSIE 8.0; Windows NT 6.1)","Windows 10","x86","Internet Explorer"
970,"Mozilla/4.0 (compatible; MSIE 8.0; Windows NT 6.1)","Windows 10","x64","Internet Explorer"
971,"Mozilla/4.0 (compatible; MSIE 8.0; Windows NT 6.1)","Windows 10","x64","Internet Explorer"
972,"Mozilla/4.0 (compatible; MSIE 8.0; Windows NT 6.1)","Windows 10","x86","Internet Explorer"
973,"Mozilla/4.0 (compatible; MSIE 8.0; Windows NT 6.1)","Windows 10","x64","Internet Explorer"
974,"Mozilla/4.0 (compatible; MSIE 8.0; Windows NT 6.1)","Windows 10","x64","Internet Explorer"
975,"Mozilla/4.0 (compatible; MSIE 8.0; Windows NT 6.1)","Windows 10","x86","Internet Explorer"
976,"Mozilla/4.0 (compatible; MSIE 8.0; Windows NT 6.1)","Windows 10","x86","Internet Explorer"
977,"Mozilla/4.0 (compatible; MSIE 8.0; Windows NT 6.1)","Windows 10","x86","Internet Explorer"
978,"Mozilla/4.0 (compatible; MSIE 8.0; Windows NT 6.1)","Windows 10","x86","Internet Explorer"
979,"Mozilla/4.0 (compatible; MSIE 8.0; Windows NT 6.1)","Windows 10","x64","Internet Explorer"
980,"Mozilla/4.0 (compatible; MSIE 8.0; Windows NT 6.1)","Windows 10","x86","Internet Explorer"
981,"Mozilla/4.0 (compatible; MSIE 8.0; Windows NT 6.1)","Windows 10","x86","Internet Explorer"
982,"Mozilla/4.0 (compatible; MSIE 8.0; Windows NT 6.1)","Windows 10","ARM","Internet Explorer"
983,"Mozilla/4.0 (compatible; MSIE 8.0; Windows NT 6.1)","Windows 10","x64","Internet Explorer"
984,"Mozilla/4.0 (compatible; MSIE 8.0; Windows NT 6.1)","Windows 10","x86","Internet Explorer"
985,"Mozilla/4.0 (compatible; MSIE 8.0; Windows NT 6.1)","Windows 10","ARM","Internet Explorer"
986,"Mozilla/4.0 (compatible; MSIE 8.0; Windows NT 6.1)","Windows 10","ARM","Internet Explorer"
987,"Mozilla/4.0 (compatible; MSIE 8.0; Windows NT 6.1)","Windows 10","ARM","Internet Explorer"
988,"Mozilla/4.0 (compatible; MSIE 8.0; Windows NT 6.1)","Windows 10","x64","Internet Explorer"
989,"Mozilla/4.0 (compatible; MSIE 8.0; Windows NT 6.1)","Windows 10","ARM","Internet Explorer"
990,"Mozilla/4.0 (compatible; MSIE 8.0; Windows NT 6.1)","Windows 10","x86","Internet Explorer"
991,"Mozilla/4.0 (compatible; MSIE 8.0; Windows NT 6.1)","Windows 10","x86","Internet Explorer"
992,"Mozilla/4.0 (compatible; MSIE 8.0; Windows NT 6.1)","Windows 10","x64","Internet Explorer"
993,"Mozilla/4.0 (compatible; MSIE 8.0; Windows NT 6.1)","Windows 10","x86","Internet Explorer"
994,"Mozilla/4.0 (compatible; MSIE 8.0; Windows NT 6.1)","Windows 10","x86","Internet Explorer"
995,"Mozilla/4.0 (compatible; MSIE 8.0; Windows NT 6.1)","Windows 10","x86","Internet Explorer"
996,"Mozilla/4.0 (compatible; MSIE 8.0; Windows NT 6.1)","Windows 10","x86","Internet Explorer"
997,"Mozilla/4.0 (compatible; MSIE 8.0; Windows NT 6.1)","Windows 10","x64","Internet Explorer"
998,"Mozilla/4.0 (compatible; MSIE 8.0; Windows NT 6.1)","Windows 10","x64","Internet Explorer"
999,"Mozilla/4.0 (compatible; MSIE 8.0; Windows NT 6.1)","Windows 10","ARM","Internet Explorer"
1000,"Mozilla/4.0 (compatible; MSIE 8.0; Windows NT 6.1)","Windows 10","ARM","Internet Explorer"
1001,"Mozilla/4.0 (compatible; MSIE 8.0; Windows NT 6.1)","Windows 10","x86","Internet Explorer"
1002,"Mozilla/4.0 (compatible; MSIE 8.0; Windows NT 6.1)","Windows 10","x86","Internet Explorer"
1003,"Mozilla/4.0 (compatible; MSIE 8.0; Windows NT 6.1)","Windows 10","x86","Internet Explorer"
1004,"Mozilla/4.0 (compatible; MSIE 8.0; Windows NT 6.1)","Windows 10","x64","Internet Explorer"
1005,"Mozilla/4.0 (compatible; MSIE 8.0; Windows NT 6.1)","Windows 10","ARM","Internet Explorer"
1006,"Mozilla/4.0 (compatible; MSIE 8.0; Windows NT 6.1)","Windows 10","ARM","Internet Explorer"
1007,"Mozilla/4.0 (compatible; MSIE 8.0; Windows NT 6.1)","Windows 10","ARM","Internet Explorer"
1008,"Mozilla/4.0 (compatible; MSIE 8.0; Windows NT 6.1)","Windows 10","ARM","Internet Explorer"
1009,"Mozilla/4.0 (compatible; MSIE 8.0; Windows NT 6.1)","Windows 10","ARM","Internet Explorer"
1010,"Mozilla/4.0 (compatible; MSIE 8.0; Windows NT 6.1)","Windows 10","x64","Internet Explorer"
1011,"Mozilla/4.0 (compatible; MSIE 8.0; Windows NT 6.1)","Windows 10","ARM","Internet Explorer"
1012,"Mozilla/4.0 (compatible; MSIE 8.0; Windows NT 6.1)","Windows 10","x86","Internet Explorer"
1013,"Mozilla/4.0 (compatible; MSIE 8.0; Windows NT 6.1)","Windows 10","x86","Internet Explorer"
1014,"Mozilla/4.0 (compatible; MSIE 8.0; Windows NT 6.1)","Windows 10","ARM","Internet Explorer"
1015,"Mozilla/4.0 (compatible; MSIE 8.0; Windows NT 6.1)","Windows 10","x86","Internet Explorer"
1016,"Mozilla/4.0 (compatible; MSIE 8.0; Windows NT 6.1)","Windows 10","x64","Internet Explorer"
1017,"Mozilla/4.0 (compatible; MSIE 8.0; Windows NT 6.1)","Windows 10","ARM","Internet Explorer"
1018,"Mozilla/4.0 (compatible; MSIE 8.0; Windows NT 6.1)","Windows 10","x64","Internet Explorer"
1019,"Mozilla/4.0 (compatible; MSIE 8.0; Windows NT 6.1)","Windows 10","x64","Internet Explorer"
1020,"Mozilla/4.0 (compatible; MSIE 8.0; Windows NT 6.1)","Windows 10","x64","Internet Explorer"
1347,"Mozilla/5.0 (Macintosh; U; PPC Mac OS X; en) AppleWebKit/125.2 (KHTML like Gecko) Safari/85.8","macOS","ARM","Safari"
1348,"Mozilla/5.0 (Macintosh; U; PPC Mac OS X; en) AppleWebKit/125.2 (KHTML like Gecko) Safari/85.8","macOS","x86","Safari"
1349,"Mozilla/5.0 (Macintosh; U; PPC Mac OS X; en) AppleWebKit/125.2 (KHTML like Gecko) Safari/85.8","macOS","x64","Safari"
1350,"Mozilla/5.0 (Macintosh; U; PPC Mac OS X; en) AppleWebKit/125.2 (KHTML like Gecko) Safari/85.8","macOS","ARM","Safari"
1351,"Mozilla/5.0 (Macintosh; U; PPC Mac OS X; en) AppleWebKit/125.2 (KHTML like Gecko) Safari/85.8","macOS","x86","Safari"
1352,"Mozilla/5.0 (Macintosh; U; PPC Mac OS X; en) AppleWebKit/125.2 (KHTML like Gecko) Safari/85.8","macOS","x86","Safari"
1513,"Tiynwwkmqwrlapjltncqlc/4.1","macOS","x64","Other"
1514,"Vpypjqvkyxkgdewa/6.5","macOS","ARM","Other"
1515,"Xngudyikbqpbrqvhxg/0.2","macOS","x64","Other"
1516,"Ohkorjgayxofbruyma/.2","macOS","x64","Other"
1517,"Rucrmwgceywmjoeixirdvgt/6.1","macOS","x86","Other"
1518,"ukebp/0.6","macOS","x64","Other"
1519,"Uhaeciqyplhspvcucg/.0","macOS","x86","Other"
1520,"Akstdmhluqddqhwdcw/6.","macOS","x64","Other"
1521,"Fslqhyqnvk/6.2","macOS","x64","Other"
1522,"Ehvieojjpjjyptovhwrrrwoxn/5.7","macOS","x64","Other"
1523,"Lyjyuixghckaeklxb/.1","macOS","x86","Other"
1524,"Ovcbeswrbgqtpf/4.7","macOS","x86","Other"
1525,"Eerlqlfgw/4.3","macOS","x64","Other"
1526,"thbunafhquomdqmfckexof/8.7","macOS","x86","Other"
1527,"Chmbynddgkvfl/5.2","macOS","x64","Other"
1528,"Baswistpphxlhyhsjuq/0.4","macOS","x64","Other"
1529,"Cuambpfuelhbxjto/.3","macOS","x64","Other"
1530,"Weomuemfuyfcwapelryewn/5.0","macOS","ARM","Other"
1531,"Meielti/0.1","macOS","ARM","Other"
1532,"Drdsehqvhornmgr/7.7","macOS","x64","Other"
1533,"Fxdtdnjtkxkgdxjhu/2.6","macOS","x86","Other"
1534,"Rgiaeh/3.3","macOS","ARM","Other"
1535,"Majhjdhcagx/1.","macOS","x86","Other"
1536,"Hvohheekhcoksnk/0.7","macOS","x64","Other"
1537,"Snndukhrdfagjebelnuesw/5.4","macOS","x86","Other"
1538,"Eqhrdyuk/2.5","macOS","ARM","Other"
1539,"Wgwcjkywsskbgolcqr/0.0","macOS","x86","Other"
1540,"Sbegunvxyjuscxeeanx/2.8","macOS","ARM","Other"
1541,"Iofxdrms/8.","macOS","x86","Other"
1542,"Madsxpstworbaybtehgarhd/0.2","macOS","x86","Other"
1543,"Hrntviklfmvmet/8.3","macOS","x86","Other"
1544,"Fsioadjderfncom/4.5","macOS","x64","Other"
1545,"Eqdcmdwofvyuuuykfesrag/1.6","macOS","ARM","Other"
1546,"Mgkinlejrcduqxxkay/6.","macOS","x86","Other"
1547,"Wotyydewrkaykqhixlv/3.1","macOS","x64","Other"
1548,"Jvrwkyjojkpdm/6.3","macOS","x86","Other"
1549,"Myexjljawwnwxmjy/5.5","macOS","x64","Other"
1550,"Wcvvwwuleku/6.3","macOS","x64","Other"
1551,"gflrlyorx/7.4","macOS","x64","Other"
1552,"Pnelgjnsimajdrk/7.5","macOS","ARM","Other"
1553,"foanyrgdaivuwwdl/7.5","macOS","ARM","Other"
1554,"xticgafc/0.1","macOS","x86","Other"
1555,"Wvficrd/1.0","macOS","ARM","Other"
1556,"Kxnhjfnnlpcda/4.","macOS","ARM","Other"
1557,"Saokadegsriulnfmghqlt/.2","macOS","x64","Other"
1558,"Ppwpwvwptdeimaivsxdvkd/3.3","macOS","x86","Other"
1559,"Ruplyqtgdijucrxloqelb/7.4","macOS","x86","Other"
1560,"Kparwltiinqgnwedthbqhceud/4.","macOS","x64","Other"
1561,"Neucvyephalss/4.6","macOS","x64","Other"
1562,"Aenupxrucywubpcdmnwr/0.0","macOS","x64","Other"
1563,"Awgietvqcrexlwaalqbvvrsm/3.2","macOS","x64","Other"
1564,"Rhjymjynvcjsbf/8.0","macOS","x86","Other"
1565,"Uhqslnklggdlukhinbmnhp/6.6","macOS","x64","Other"
1566,"Qcxgsqwydbrfrfyueqm/8.0","macOS","x64","Other"
1567,"Srrsmvryqfs/2.2","macOS","x86","Other"
1568,"Yyjjbtol/0.8","macOS","x86","Other"
1569,"Jiuldspsrg/0.6","macOS","x64","Other"
1570,"Gucrwbbb/5.6","macOS","x86","Other"
1571,"Idcwyjutdnvoqlr/8.6","macOS","x86","Other"
1572,"Tojrtcavuebrhgltupgs/6.7","macOS","x64","Other"
1573,"Pgpvkbuiovyvmny/3.7","macOS","x86","Other"
1574,"Shfmmabgxpb/0.8","macOS","x86","Other"
1575,"Wfnyaykfedbqgh/1.4","macOS","ARM","Other"
1576,"Cyhfovue/5.8","macOS","x64","Other"
1577,"Witynwkbgxlqribjj/3.8","macOS","x64","Other"
1578,"Bcwagrxtuv/.8","macOS","ARM","Other"
1579,"Ttwbcykaqbiclm/1.1","macOS","x64","Other"
1580,"Mewydgimanvb/7.7","macOS","ARM","Other"
1581,"Clpstemotwveimwvgmusw/3.5","macOS","x86","Other"
1582,"Rrnffcdcfsbfflvw/.4","macOS","x86","Other"
1583,"Csltowxsehdq/0.7","macOS","ARM","Other"
1584,"Lqjtfya/6.8","macOS","x86","Other"
1585,"Gyickodqppffpqd/2.","macOS","ARM","Other"
1586,"Tlpmxrfjs/3.0","macOS","ARM","Other"
1587,"Ssaplwbomqrrwbnlvwjk/0.5","macOS","x86","Other"
1588,"Ucrqdcjalstnui/.4","macOS","x86","Other"
1589,"Cyenbrvwkev/6.","macOS","x64","Other"
1590,"Nlquwhciqtvh/4.5","macOS","x86","Other"
1591,"Asibcyrd/0.2","macOS","x86","Other"
1592,"Dkalkdyvoqos/8.6","macOS","x64","Other"
1593,"Yfbrfxruebro/0.3","macOS","x86","Other"
1594,"Kmfdxtyxexqdcdbnq/3.5","macOS","x86","Other"
1595,"Tjtdpjx/.7","macOS","x86","Other"
1596,"Qttdkyta/.2","macOS","ARM","Other"
1597,"Sjxefhfubunrpiujgu/4.0","macOS","x64","Other"
1598,"Trkhdlvxrte/2.4","macOS","ARM","Other"
1599,"Uhbclk/1.8","macOS","x86","Other"
1600,"Htpshypvrurjshhuh/3.6","macOS","x64","Other"
1601,"Fmdykhecdnkfmqqccbn/5.0","macOS","ARM","Other"
1602,"Srsmuhvngdk/4.6","macOS","ARM","Other"
1603,"Qfovbewyxdoahprsouq/.","macOS","x64","Other"
1604,"Ppapwiefeaq/3.1","macOS","x86","Other"
1605,"Jvagmljdmukrkvjeh/.4","macOS","x86","Other"
1606,"Wfrycqubs/.","macOS","x64","Other"
1607,"Huuodsllcyvqibyiucuqcouls/7.7","macOS","ARM","Other"
1608,"ksygni/6.6","macOS","x86","Other"
1609,"Qhyixpjfxxbqpxdkcg/5.8","macOS","x86","Other"
1610,"Edxuvdabfpngw/5.2","macOS","x64","Other"
1611,"Dhgncd/7.3","macOS","x64","Other"
1612,"Eofgjybhsgv/1.1","macOS","x64","Other"
1613,"Usynpisxufau/8.6","macOS","x86","Other"
1614,"Dwvvawmcrwnynnjedjojlblc/2.1","macOS","x64","Other"
1615,"Tgpaotqkj/7.0","macOS","x64","Other"
1616,"Ydxduqkx/5.3","macOS","x64","Other"
1617,"Vewmfbrlbchynusxr/2.7","macOS","x64","Other"
1618,"Rrfwedtsufrsinxlkq/.8","macOS","x86","Other"
1619,"Mxgucerowpqypgfnakpu/5.1","macOS","x86","Other"
1620,"Vhinbpoveodvxhqknprpeh/2.","macOS","x86","Other"
1621,"Rdcukq/1.2","macOS","ARM","Other"
1622,"wyhtshf/6.5","macOS","x86","Other"
1623,"Jpcsnmfcv/7.3","macOS","x86","Other"
1624,"Jupurkbbmaxrttvp/8.6","macOS","x64","Other"
1625,"Vqltqxboq/7.8","macOS","x86","Other"
1626,"Plorskgfdah/3.8","macOS","x86","Other"
1627,"Ribgiilgb/7.0","macOS","x86","Other"
1628,"Ldjhmvdcydbmnbcksyoiljoyr/4.3","macOS","x86","Other"
1629,"Yeowaju/5.0","macOS","ARM","Other"
1630,"Sqlauvvlvyck/2.8","macOS","x64","Other"
1631,"Eakggtiglkqoswdbop/.7","macOS","x86","Other"
1632,"Eythmwkjwjkauihmgsy/7.4","macOS","x64","Other"
1633,"Uxuguwukunfpjcjvrwowywlk/0.1","macOS","x86","Other"
1634,"Skipgthgatnyueysmxjbkoyb/4.8","macOS","ARM","Other"
1635,"Ggcqgyhyomatenkijkv/2.3","macOS","x64","Other"
1636,"Wiutyscmmmaynrswljnl/0.0","macOS","x86","Other"
1637,"Dxborqxdbr/7.0","macOS","ARM","Other"
1638,"Euihdkdbvxgieribncaghw/7.5","macOS","x64","Other"
1639,"Rkaaarfsnyewg/1.1","macOS","x86","Other"
1640,"Ifmnihantyevpexekv/8.7","macOS","ARM","Other"
1641,"Wpwwryvbwlqv/5.6","macOS","x64","Other"
1642,"isiauaqbmpdedoumllersi/5.","macOS","x86","Other"
1643,"Lhfsenadvphskmjsbtfcju/4.4","macOS","x86","Other"
1644,"Mrmmsau/3.8","macOS","x86","Other"
1645,"Iusnlo/6.1","macOS","ARM","Other"
1646,"Ajvngoqlulbebyhei/6.3","macOS","x64","Other"
1647,"Hefgfkdnur/3.2","macOS","x64","Other"
1648,"Ccuybavknciqotvt/1.1","macOS","x64","Other"
1649,"Ixsnylusme/6.","macOS","x86","Other"
1650,"Oorjijjqnfphwx/4.1","macOS","x64","Other"
1651,"Wpbjfcwykqxfirpipbgs/5.3","macOS","x86","Other"
1652,"Hphpchruqpbmpnhspb/.7","macOS","x64","Other"
1653,"Oluobjdvjmo/4.4","macOS","x64","Other"
1654,"Eghnkghbapuqbbtni/5.0","macOS","ARM","Other"
1655,"Eqdxykgqmuuitdc/1.1","macOS","x64","Other"
1656,"Mghuhdbkkldbypxnmqva/8.5","macOS","ARM","Other"
1657,"Fydbjedffaigfyaqmdoypm/5.1","macOS","x86","Other"
1658,"Nfvgkmnrqdhqqaryfuuxbhca/.8","macOS","x86","Other"
1659,"Lyxuldtsom/3.","macOS","x64","Other"
1660,"Xjtrnyxttbajtwwjvkibs/3.2","macOS","x86","Other"
1661,"Mijpyyetcxqarwwc/7.8","macOS","x86","Other"
1662,"Lcpwdrdcc/4.5","macOS","x64","Other"
1663,"Ivhadoocbkatrcsmmslua/6.5","macOS","x64","Other"
1664,"Jvuecncdogxv/1.8","macOS","x86","Other"
1665,"Gtceerjqpidnshycmhqsan/8.0","macOS","ARM","Other"
1666,"gwdxclbuflfdfo/1.0","macOS","x86","Other"
1667,"Qfkuwqunfaxukckoe/7.6","macOS","ARM","Other"
1668,"Ykgtbdklivkwatstrjrafp/.8","macOS","ARM","Other"
1669,"Okylufkkmojulh/5.2","macOS","x86","Other"
1670,"Iewmrdjfnkarrwndwgfu/7.7","macOS","x86","Other"
1671,"Icxvrd/7.0","macOS","x86","Other"
1672,"Ivjcjaodmxfmub/4.0","macOS","x64","Other"
1673,"Dmefejn/8.4","macOS","ARM","Other"
1674,"Mcvjwwyykbtxomughb/0.","macOS","x64","Other"
1675,"qydnhon/7.2","macOS","ARM","Other"
1676,"Xgkxjpwssabxltuuyea/3.0","macOS","x86","Other"
1677,"Hkoapycexpqhvtkonf/.3","macOS","x86","Other"
1678,"Alixsfcy/2.0","macOS","ARM","Other"
1679,"Dyhoiswt/6.2","macOS","x64","Other"
1680,"Wtnokybjtvrfl/1.6","macOS","x86","Other"
1681,"Qkpuuqplmtgbgoapuehsktso/6.4","macOS","x86","Other"
1682,"Dpenxtmcxbwl/3.","macOS","x86","Other"
1683,"Ukvctapd/6.5","macOS","ARM","Other"
1684,"Qsrsrd/5.8","macOS","x64","Other"
1685,"Ciwoefamxdtowosunnjq/1.1","macOS","ARM","Other"
1686,"Napuajxs/.3","macOS","x64","Other"
1687,"Wtyswecpktklamxukybjcu/3.7","macOS","x64","Other"
1688,"Xumleidohwgkobfcbq/5.8","macOS","x86","Other"
1689,"Jgniucngrcvqqqec/5.0","macOS","x86","Other"
1690,"Hjyqwcfuvqaawhlevutirhwc/6.5","macOS","x86","Other"
1691,"Qxnlyhsi/3.5","macOS","ARM","Other"
1692,"Ghyxilqag/.5","macOS","x86","Other"
1693,"Fshderpgt/5.3","macOS","x86","Other"
1694,"Enfrkrqaueynjshudxhqdocda/4.2","macOS","x86","Other"
1695,"Mngkkwsnxnonkyitgvngd/6.7","macOS","x86","Other"
1696,"Ntcnoxdahvencltfdj/4.7","macOS","x64","Other"
1697,"Spdhcxfunjqsavhnoqltgpkd/3.3","macOS","x86","Other"
1698,"Evqcomhopmoka/8.1","macOS","x64","Other"
1699,"Efwysvgiuuraphy/6.5","macOS","x86","Other"
1700,"Qnmrugoahljxlhqwiqaux/1.8","macOS","x86","Other"
1701,"Epmane/1.8","macOS","ARM","Other"
1702,"Dvxiuimqbilsdpnvw/0.7","macOS","ARM","Other"
1703,"Rvqpapkppbi/5.1","macOS","x64","Other"
1704,"Dqnoox/5.0","macOS","x86","Other"
1705,"Bmvqsqq/8.5","macOS","x64","Other"
1706,"Wtytfrakcgvdacoihikhec/.0","macOS","x86","Other"
1707,"Qnmpxquciumuwvflcslxnrbi/.2","macOS","ARM","Other"
1708,"Qkdxkuagoqw/7.0","macOS","x64","Other"
1709,"Eftqbqhd/1.8","macOS","x64","Other"
1710,"Qjjxblbesjsvtlgxfu/8.0","macOS","x86","Other"
1711,"Fkjensrbpgmvkssr/0.1","macOS","x64","Other"
1712,"Repjupttr/8.2","macOS","x64","Other"
1713,"Tvtasv/3.2","macOS","x86","Other"
1714,"Fytmeknlhjxk/7.3","macOS","x64","Other"
1715,"Ravbhvw/8.1","macOS","ARM","Other"
1716,"Fvdwweolaxldemvwcvbd/.2","macOS","x86","Other"
1717,"Ivonskpkadxxrwrufogcrda/4.3","macOS","x64","Other"
1718,"Mbxoixcrgyemwqxgrayx/7.","macOS","x86","Other"
1719,"Pqpckvmtpcuqndkfxaje/.2","macOS","ARM","Other"
1720,"Inydajjggldebkfiloednimd/7.3","macOS","ARM","Other"
1721,"Pbynnqigkcvfulfvekpi/8.7","macOS","x86","Other"
1722,"Ydftsuvesljlahlikxodyhqf/5.6","macOS","x64","Other"
1723,"rjoep/2.5","macOS","x64","Other"
1724,"Bbulimmctaomhrys/8.5","macOS","x64","Other"
1725,"Sushvaf/1.7","macOS","x86","Other"
1726,"Gpvkub/0.0","macOS","x86","Other"
1727,"Voqhlrjguerknqpvx/1.3","macOS","ARM","Other"
1728,"Sqangdxoyvqgxi/4.4","macOS","x86","Other"
1729,"Trbeirmbvymptbyxro/4.5","macOS","x86","Other"
1730,"Kmtjvv/7.7","macOS","ARM","Other"
1731,"Eqmkxrdgmhwdaoetymqogvc/4.2","macOS","x86","Other"
1732,"Oqjctbod/8.7","macOS","x64","Other"
1733,"Djehkotwljeorfieu/5.8","macOS","x86","Other"
1734,"Byieodb/.8","macOS","x64","Other"
1735,"Fwlxd/7.4","macOS","x86","Other"
1736,"Sogxtyv/4.6","macOS","x86","Other"
1737,"Vobivobwgrvhnb/6.1","macOS","ARM","Other"
1738,"Qbymvsqvjoidtgygvwmr/7.3","macOS","ARM","Other"
1739,"Vucpnoujfmayqhqonvcivmub/2.7","macOS","x64","Other"
1740,"Rybfynxwogbasxdxgb/.3","macOS","x64","Other"
1741,"Umtyoit/7.2","macOS","x64","Other"
1742,"Unffmkvpglprvtm/1.5","macOS","x64","Other"
1743,"Owftixkw/4.5","macOS","x64","Other"
1744,"Digklmmj/.","macOS","x64","Other"
1745,"Kwhkpxhrerdpeterxe/3.3","macOS","x86","Other"
1746,"Drnqu/8.","macOS","ARM","Other"
1747,"Lroqgfqayxjfonlufpuyw/1.","macOS","ARM","Other"
1748,"kbgtvlh/.6","macOS","x64","Other"
1749,"Cfutgjq/3.5","macOS","x86","Other"
1750,"Mtirnxxbrdake/6.","macOS","x64","Other"
1751,"Epnroaipqrwlvgu/8.4","macOS","x86","Other"
1752,"Xhbuxkqgqt/3.0","macOS","x86","Other"
1753,"Rcokhsgnwernwnplb/5.","macOS","x64","Other"
1754,"Cgvhsfsibmc/8.1","macOS","x64","Other"
1755,"Wdyvltvyxkqvnnxwjdolhx/7.7","macOS","x86","Other"
1756,"Bfmctjnqxbv/3.4","macOS","x86","Other"
1757,"Bxtcxiceqxyjkxodoitwgfd/4.","macOS","ARM","Other"
1758,"Rvjugdhrwyteodccy/6.7","macOS","x64","Other"
1759,"Lnxcdankhir/0.4","macOS","x64","Other"
1760,"Odbhka/2.7","macOS","x86","Other"
1761,"Frkwgblwwhtpxnb/8.7","macOS","x86","Other"
1762,"Ajiqfd/3.4","macOS","x86","Other"
1763,"Ujwyselvq/5.0","macOS","x86","Other"
1764,"Xhfcjrsrqiaooibqcgvj/8.2","macOS","x86","Other"
1765,"Eiqherhnewefphcjebtwejag/.0","macOS","x64","Other"
1766,"Rduhvjqfxph/1.7","macOS","x86","Other"
1767,"sgcgqrwk/2.7","macOS","x86","Other"
1768,"Sshicooetn/0.3","macOS","x86","Other"
1769,"Unhxbj/2.7","macOS","x86","Other"
1770,"Wbplavirpsvso/1.6","macOS","x86","Other"
1771,"Oinkpkvdjotc/5.7","macOS","x86","Other"
1772,"Qxococrmcqfouyocqjjdicgp/.0","macOS","x64","Other"
1773,"Sfbaumnwmdqpwubyc/5.6","macOS","ARM","Other"
1774,"Nvyvalaxgsbogyon/3.8","macOS","x86","Other"
1775,"Jgrwinqxguqymmtgrkjhg/7.0","macOS","x64","Other"
1776,"Caxyraxdsv/2.8","macOS","x86","Other"
1777,"Hldengbvtllec/4.1","macOS","x86","Other"
1778,"vaeapoopfb/7.","macOS","x64","Other"
1779,"Ivotobeiu/4.6","macOS","x64","Other"
1780,"Fmvykflwsvmnrxalexbck/2.0","macOS","x86","Other"
1781,"Eustcxywkke/4.5","macOS","x86","Other"
1782,"Ealskoxlmakawqknqkwue/2.","macOS","ARM","Other"
1783,"Iqjsxirsnnqhbhecisvwe/5.4","macOS","x86","Other"
1784,"Krlwjxyiisjvrwwveifojgj/1.6","macOS","x86","Other"
1785,"Ifoygk/.3","macOS","x64","Other"
1786,"Qdssuxynrshke/7.2","macOS","ARM","Other"
1787,"Mcddyopspfxdgriuotj/6.","macOS","x64","Other"
1788,"Gtlwac/6.3","macOS","x64","Other"
1789,"Ifqbkqquuyspo/7.5","macOS","x64","Other"
1790,"Nprcyccg/3.4","macOS","ARM","Other"
1791,"Scryidwrvpmdcpqhi/2.","macOS","ARM","Other"
1792,"Ehtxllleducjkixgbvs/0.2","macOS","x64","Other"
1793,"Emusdcih/3.5","macOS","ARM","Other"
1794,"Ifgouvjqjkeuv/2.7","macOS","x64","Other"
1795,"Kxplpor/.2","macOS","x64","Other"
1796,"Ktrcivdeobcikqommu/0.6","macOS","x64","Other"
1797,"eugeuwguxmfmpdmofvfnhpo/2.6","macOS","x86","Other"
1798,"qeqdoawukn/0.2","macOS","x86","Other"
1799,"Eewdrwigtcealgcycfhkpqc/.5","macOS","x86","Other"
1800,"Mstqkjdimxjpppysga/2.3","macOS","x64","Other"
1801,"Myqndkbkkj/6.7","macOS","x64","Other"
1802,"Qmbdcrtpykdntpe/6.5","macOS","x86","Other"
1803,"Tajbjfclycux/6.4","macOS","ARM","Other"
1804,"Obgoxufsw/0.8","macOS","x86","Other"
1805,"Pxnaggayiyrx/2.8","macOS","ARM","Other"
1806,"Hqygxeaiogi/1.6","macOS","x86","Other"
1807,"Bfwjcyagmthc/3.7","macOS","x64","Other"
1808,"Qptbouuea/5.4","macOS","x86","Other"
1809,"Tvtatibewm/5.8","macOS","x86","Other"
1810,"Ohyyjmeu/.","macOS","ARM","Other"
1811,"Vvlscvckqjudptfyhmw/.0","macOS","x86","Other"
1812,"Jfttkqttceelhpdocshgyr/2.1","macOS","x64","Other"
1813,"Xruwvmryfcksabs/5.1","macOS","x86","Other"
1814,"Ehbelyemaecporiqkryww/2.6","macOS","x86","Other"
1815,"Ngffechyyihonqlyairbubcde/3.4","macOS","x64","Other"
1816,"Ucodtuywtmgea/5.8","macOS","x86","Other"
1817,"Gqckcgsbnkh/6.","macOS","x86","Other"
1818,"Vbvbuqrvyeo/4.8","macOS","x64","Other"
1819,"Ylmyqaqyosxfexu/6.6","macOS","ARM","Other"
1820,"Lvpxuheeujoyvpepyfavnfk/0.7","macOS","x86","Other"
1821,"Tcmwnmuksijlpt/3.2","macOS","x64","Other"
1822,"Dlivpdodykqauwcyjlxdt/0.","macOS","ARM","Other"
1823,"Felcdq/7.0","macOS","x64","Other"
1824,"Dlxxhp/5.","macOS","x86","Other"
1825,"ifxtcxfi/5.7","macOS","x86","Other"
1826,"Gsqpmysu/.4","macOS","x64","Other"
1827,"Eyfjvkff/6.6","macOS","ARM","Other"
1828,"Dvqjosmrsdbfi/8.6","macOS","ARM","Other"
1829,"Gengthlij/5.0","macOS","x86","Other"
1830,"Cnrjxs/0.3","macOS","x64","Other"
1831,"Ecmnuixrigoynnytw/6.3","macOS","x86","Other"
1832,"Rkuexfhakosajvrkfvtqe/6.6","macOS","x64","Other"
1833,"Amofeylvlatiuqjecvi/.0","macOS","x64","Other"
1834,"Axghfwqdacsrfi/.6","macOS","x86","Other"
1835,"Lsrelewwdshhaikadrx/6.6","macOS","x64","Other"
1836,"Oulrieiwaychroawmem/.0","macOS","x64","Other"
1837,"Jkvjhf/.8","macOS","x86","Other"
1838,"Junmvgvv/8.6","macOS","x64","Other"
1839,"Xgcyalhbnmngxivhvbudlb/8.7","macOS","x86","Other"
1840,"Noeqaghpyyivvo/2.0","macOS","ARM","Other"
1841,"Cjqfhmf/7.1","macOS","ARM","Other"
1842,"Quysrykfrtprddigevddua/0.5","macOS","x64","Other"
1843,"Drgjfpsuf/0.0","macOS","ARM","Other"
1844,"Yyjswbleweagcjvtudx/5.0","macOS","x64","Other"
1845,"Vfnpxwd/0.","macOS","ARM","Other"
1846,"Knolstqvv/2.5","macOS","ARM","Other"
1847,"kdcxtufdvs/0.4","macOS","x64","Other"
1848,"Eyxdwbhyjtcvivge/1.2","macOS","x64","Other"
1849,"Ahjftf/.7","macOS","ARM","Other"
1850,"Umjmwaiuyfjt/5.4","macOS","x86","Other"
1851,"Hjvinbgnr/0.1","macOS","ARM","Other"
1852,"Aiball/8.1","macOS","x64","Other"
1853,"Viyndwqguqflr/.7","macOS","x64","Other"
1854,"Qsqjtuascrfye/2.5","macOS","x86","Other"
1855,"Pxbuumigqhj/5.7","macOS","x86","Other"
1856,"Qvholic/3.5","macOS","x86","Other"
1857,"pornubt/6.1","macOS","x86","Other"
1858,"Vamvsk/8.8","macOS","x86","Other"
1859,"Pydbcndxwxvmbfxrr/8.7","macOS","ARM","Other"
1860,"Jdctawdjxfycsedlkehiq/0.3","macOS","x64","Other"
1861,"Tqdtjfxysddjkeawkrhndwraa/1.4","macOS","x86","Other"
1862,"Ewbnqkidmwtdprb/8.3","macOS","x86","Other"
1863,"Hppkhvbdidnpcuqyabppchl/1.1","macOS","x86","Other"
1864,"Tnydemlqwnnwstsfamb/5.","macOS","ARM","Other"
1865,"Yriktutuljpik/0.6","macOS","x86","Other"
1866,"Peksnawipvwcbdfgt/5.","macOS","ARM","Other"
1867,"Ybuicw/0.8","macOS","x64","Other"
1868,"Andff/1.","macOS","x64","Other"
1869,"Egrpumvidlwhmwinryhwlymwy/0.6","macOS","ARM","Other"
1870,"Oahjbrasijtqkxfgsdf/5.2","macOS","x86","Other"
1871,"Yrjorxlmruibgdye/7.7","macOS","x64","Other"
1872,"Lwydawgncpqlyshyu/2.2","macOS","x86","Other"
1873,"Kdifmfpilxi/6.1","macOS","ARM","Other"
1874,"Ygmxdsqlxgcpp/6.6","macOS","ARM","Other"
1875,"Emhtat/8.3","macOS","x86","Other"
1876,"Pujkuyfccqtpbnvfxwnsk/4.5","macOS","ARM","Other"
1877,"Hlsnwcnehpkswct/6.0","macOS","ARM","Other"
1878,"Bxtifj/5.","macOS","x64","Other"
1879,"Gmcytwqxiyeawowaqjds/0.2","macOS","x64","Other"
1880,"Edgfrntavmsepaawvw/5.2","macOS","ARM","Other"
1881,"Hhdsybrtibtuoprkjf/0.6","macOS","ARM","Other"
1882,"Qethggkghqfpjipy/6.4","macOS","ARM","Other"
1883,"Vuiauymhnsj/4.8","macOS","x64","Other"
1884,"Auehwfyeae/1.1","macOS","x64","Other"
1885,"Omnbvmfdnpwot/6.4","macOS","x86","Other"
1886,"Krnwoiscmnqrlyncgciowp/.4","macOS","x64","Other"
1887,"Chnmufcwdnjwk/.1","macOS","x86","Other"
1888,"Psckqmnjdhtothstkq/3.2","macOS","x86","Other"
1889,"Lgpsxkwifvqrqws/8.1","macOS","x64","Other"
1890,"Pqxwsiromxhqjtadb/6.2","macOS","x64","Other"
1891,"Syuoqebqktouqrsnotdrdwn/5.1","macOS","ARM","Other"
1892,"Injvmbobodgrhp/7.7","macOS","x64","Other"
1893,"Pqoeygplymknkppnktpac/0.0","macOS","x64","Other"
1894,"Snsmhaaltaberbfgkku/1.7","macOS","x86","Other"
1895,"Jwxnumfhoipkiopp/0.4","macOS","x86","Other"
1896,"Tspvsak/2.3","macOS","x86","Other"
1897,"Qscjxni/.8","macOS","x86","Other"
1898,"Txaxmdjcalblpbabpvheprbq/3.3","macOS","x86","Other"
1899,"Mgedvctacrt/2.4","macOS","x86","Other"
1900,"Speqlyccdcxqnxxcnuqriqhmc/4.0","macOS","x64","Other"
1901,"Mgdnfxphn/5.3","macOS","x86","Other"
1902,"Jyvadriiueuyxvpjnlxjdc/.6","macOS","x86","Other"
1903,"Amnhtdlxnnjqh/8.8","macOS","ARM","Other"
1904,"Umjelglitnjrc/8.5","macOS","x86","Other"
1905,"Hxaqhgyvlqucurwp/.0","macOS","x86","Other"
1906,"Nmnboubnnwa/8.6","macOS","x86","Other"
1907,"Enqwfsvelyckynf/.4","macOS","x64","Other"
1908,"Kktxapwqhcqdlgccr/2.0","macOS","x86","Other"
1909,"Ymelbhayxujjfihmlu/0.2","macOS","x86","Other"
1910,"Jpmaraidpgcapnhncpm/5.4","macOS","ARM","Other"
1911,"Xnvpxirvrsdpdmsxac/0.2","macOS","x64","Other"
1912,"Hnkjbet/.6","macOS","x64","Other"
1913,"Prmrltyaijjvcru/0.5","macOS","x86","Other"
1914,"Hnxcnscuatutoyed/0.4","macOS","x86","Other"
1915,"Rwnucdjttoqun/0.5","macOS","x64","Other"
1916,"Uyrfrogjf/4.1","macOS","x86","Other"
1917,"Botwnvlbs/7.7","macOS","x86","Other"
1918,"Wuwgfxch/.5","macOS","x64","Other"
1919,"Gikmwapmagkllk/8.","macOS","x86","Other"
1920,"Ghyeglvqtgg/8.3","macOS","x86","Other"
1921,"Ngoelfynaqvhslylagykf/2.0","macOS","ARM","Other"
1922,"Rogrvvwfhxgkawad/.3","macOS","x86","Other"
1923,"Dcnytmsaeg/5.7","macOS","x64","Other"
1924,"Xkfhaicotfkyuoxcacdmhxd/7.","macOS","x86","Other"
1925,"Aqerulenbnjyihkh/2.5","macOS","x86","Other"
1926,"Ktpxdxmpqarsx/4.","macOS","x86","Other"
1927,"Qvhvmbmjiyqhihqojkba/8.6","macOS","x64","Other"
1928,"Neswkucsegnkydcxtr/0.4","macOS","x86","Other"
1929,"Ohmrohtutaipeuxdyvkc/7.1","macOS","ARM","Other"
1930,"Odpvibwhnpck/3.0","macOS","ARM","Other"
1931,"Wtrrtxntvoddfp/6.0","macOS","x64","Other"
1932,"Hahmtqedvltcmphpfiorffhq/4.3","macOS","x86","Other"
1933,"Fniavrlansiud/4.3","macOS","x86","Other"
1934,"Tbjjrodkwijkbjtwno/3.","macOS","ARM","Other"
1935,"Hemhrrcmkv/1.7","macOS","x86","Other"
1936,"Yyggxmojmceejvxgxbj/2.","macOS","ARM","Other"
1937,"Ewhyimrx/1.1","macOS","x64","Other"
1938,"Weoglcdofpyvpantayjqmsea/1.3","macOS","x64","Other"
1939,"Qtklngfaxsjlygmdxw/0.1","macOS","x64","Other"
1940,"Pvwvrwinmuaufwuldptpt/7.0","macOS","x64","Other"
1941,"Kjfhjnmdsomsyemeeden/0.1","macOS","x86","Other"
1942,"Shfhejqsf/7.","macOS","x86","Other"
1943,"Vbnbegnffndw/5.4","macOS","ARM","Other"
1944,"Jdjhujmuw/1.4","macOS","x86","Other"
1945,"Atagnbypfdgih/8.0","macOS","x64","Other"
1946,"Rafwrajxayksqxjrrxofmia/5.8","macOS","x86","Other"
1947,"vmcdde/5.0","macOS","x86","Other"
1948,"Bomebskmgiqrugxrcev/3.5","macOS","x86","Other"
1949,"Hhgbpfkrquttonnxiitjob/7.8","macOS","x86","Other"
1950,"Fkwupmfsjbtaknwsqpawd/1.1","macOS","ARM","Other"
1951,"Shwyuceyoipxangxqbeikof/5.3","macOS","x86","Other"
1952,"Fqlqngcumaouhfb/0.1","macOS","x64","Other"
1953,"Mawqhuhwyngcdberumnonxy/8.1","macOS","ARM","Other"
1954,"Rvbftl/0.5","macOS","x64","Other"
1955,"yaqlmqsdrriehttwinrue/5.","macOS","x86","Other"
1956,"Vkacwhwgwl/6.0","macOS","x86","Other"
1957,"Steqrjcvgxabgvxaosgiob/6.","macOS","x64","Other"
1958,"Lkvisahfbchlraah/1.0","macOS","ARM","Other"
1959,"Pypwwq/4.0","macOS","ARM","Other"
1960,"Lntuchwniwnqgmojcmkatu/4.7","macOS","x86","Other"
1961,"Ptkpycangi/6.","macOS","ARM","Other"
1962,"Gmowfkxiswtjwt/6.6","macOS","ARM","Other"
1963,"Upbasjutrqeoxqk/6.2","macOS","x86","Other"
1964,"Lmhslgpxsteitodnrd/0.6","macOS","ARM","Other"
1965,"Jqgxmtpkikatdq/5.7","macOS","x86","Other"
1966,"Vimxvatn/7.6","macOS","x86","Other"
1967,"Yhlyfjggrubihj/8.5","macOS","ARM","Other"
1968,"Merbdnygvdhdu/1.6","macOS","x86","Other"
1969,"Qnlcgxwpwmovhjd/7.7","macOS","x64","Other"
1970,"Nabnljvnlndvcecwjiusht/6.6","macOS","x86","Other"
1971,"Isjtwro/4.8","macOS","x86","Other"
1972,"Fbywcnmvwmikjwrxwas/7.3","macOS","x86","Other"
1973,"lhrkuu/3.8","macOS","x86","Other"
1974,"Ewgvbowcn/3.3","macOS","x86","Other"
1975,"Mqbdifdyhdej/8.3","macOS","x86","Other"
1976,"Hbrvrurgu/5.","macOS","x86","Other"
1977,"Cgbwuxymhdqdbbgox/4.5","macOS","ARM","Other"
1978,"Knnergdnxeayglislwtcvj/3.5","macOS","x86","Other"
1979,"Jfoatpkqpipjbn/4.3","macOS","x64","Other"
1980,"Afsvimus/0.3","macOS","x64","Other"
1981,"Ddedxers/3.","macOS","x86","Other"
1982,"Pjuqixdufrwtlpu/.5","macOS","x86","Other"
1983,"Bsyurlbmmewqdxbwueuirl/7.2","macOS","x64","Other"
1984,"Kbpprq/3.3","macOS","x64","Other"
1985,"Urhsivjjcpn/6.2","macOS","x86","Other"
1986,"Rvxouapds/2.2","macOS","ARM","Other"
1987,"Pwmvraswsbwlouinxku/6.2","macOS","x64","Other"
1988,"Fksputjgdnmoldollsdpvi/3.2","macOS","x86","Other"
1989,"Udvsgcesigq/5.0","macOS","x86","Other"
1990,"Nddrtrgdepophmckxlcp/2.8","macOS","x64","Other"
1991,"Upstkitnqnsteipqrswlwmbau/4.","macOS","x86","Other"
1992,"Vtnpeyaoljvtht/7.3","macOS","x64","Other"
1993,"Pbnnosonnbebmov/1.6","macOS","x86","Other"
1994,"Sojrnbxg/6.0","macOS","x64","Other"
1995,"Cxhgyxv/8.3","macOS","x86","Other"
1996,"Lcprtmudrgjw/8.3","macOS","x64","Other"
1997,"Bbvynyjjlv/.","macOS","ARM","Other"
1998,"Osycesvyiqmmxatapp/8.8","macOS","x86","Other"
1999,"Ujvlmhhlhulc/8.4","macOS","x64","Other"
2000,"Owkrovbwifinolyjibdiejdu/0.6","macOS","x64","Other"
221,"Mozilla/4.0 (compatible; MSIE 6.0; Windows NT 5.1)","Windows 10","x64","Internet Explorer"
222,"Mozilla/4.0 (compatible; MSIE 6.0; Windows NT 5.1)","Windows 10","x86","Internet Explorer"
223,"Mozilla/4.0 (compatible; MSIE 6.0; Windows NT 5.1)","Windows 10","ARM","Internet Explorer"
224,"Mozilla/4.0 (compatible; MSIE 6.0; Windows NT 5.1)","Windows 10","ARM","Internet Explorer"
225,"Mozilla/4.0 (compatible; MSIE 6.0; Windows NT 5.1)","Windows 10","x64","Internet Explorer"
226,"Mozilla/4.0 (compatible; MSIE 6.0; Windows NT 5.1)","Windows 10","x64","Internet Explorer"
227,"Mozilla/4.0 (compatible; MSIE 6.0; Windows NT 5.1)","Windows 10","x86","Internet Explorer"
228,"Mozilla/4.0 (compatible; MSIE 6.0; Windows NT 5.1)","Windows 10","x64","Internet Explorer"
229,"Mozilla/4.0 (compatible; MSIE 6.0; Windows NT 5.1)","Windows 10","x64","Internet Explorer"
230,"Mozilla/4.0 (compatible; MSIE 6.0; Windows NT 5.1)","Windows 10","x86","Internet Explorer"
231,"Mozilla/4.0 (compatible; MSIE 6.0; Windows NT 5.1)","Windows 10","x64","Internet Explorer"
232,"Mozilla/4.0 (compatible; MSIE 6.0; Windows NT 5.1)","Windows 10","x64","Internet Explorer"
233,"Mozilla/4.0 (compatible; MSIE 6.0; Windows NT 5.1)","Windows 10","ARM","Internet Explorer"
234,"Mozilla/4.0 (compatible; MSIE 6.0; Windows NT 5.1)","Windows 10","x86","Internet Explorer"
235,"Mozilla/4.0 (compatible; MSIE 6.0; Windows NT 5.1)","Windows 10","x64","Internet Explorer"
236,"Mozilla/4.0 (compatible; MSIE 6.0; Windows NT 5.1)","Windows 10","x64","Internet Explorer"
237,"Mozilla/4.0 (compatible; MSIE 6.0; Windows NT 5.1)","Windows 10","x64","Internet Explorer"
238,"Mozilla/4.0 (compatible; MSIE 6.0; Windows NT 5.1)","Windows 10","x64","Internet Explorer"
239,"Mozilla/4.0 (compatible; MSIE 6.0; Windows NT 5.1)","Windows 10","x64","Internet Explorer"
240,"Mozilla/4.0 (compatible; MSIE 6.0; Windows NT 5.1)","Windows 10","ARM","Internet Explorer"
241,"Mozilla/4.0 (compatible; MSIE 6.0; Windows NT 5.1)","Windows 10","x86","Internet Explorer"
242,"Mozilla/4.0 (compatible; MSIE 6.0; Windows NT 5.1)","Windows 10","x86","Internet Explorer"
243,"Mozilla/4.0 (compatible; MSIE 6.0; Windows NT 5.1)","Windows 10","x86","Internet Explorer"
244,"Mozilla/4.0 (compatible; MSIE 6.0; Windows NT 5.1)","Windows 10","x86","Internet Explorer"
245,"Mozilla/4.0 (compatible; MSIE 6.0; Windows NT 5.1)","Windows 10","x86","Internet Explorer"
246,"Mozilla/4.0 (compatible; MSIE 6.0; Windows NT 5.1)","Windows 10","x86","Internet Explorer"
247,"Mozilla/4.0 (compatible; MSIE 6.0; Windows NT 5.1)","Windows 10","x86","Internet Explorer"
248,"Mozilla/4.0 (compatible; MSIE 6.0; Windows NT 5.1)","Windows 10","x86","Internet Explorer"
249,"Mozilla/4.0 (compatible; MSIE 6.0; Windows NT 5.1)","Windows 10","ARM","Internet Explorer"
250,"Mozilla/4.0 (compatible; MSIE 6.0; Windows NT 5.1)","Windows 10","ARM","Internet Explorer"
251,"Mozilla/4.0 (compatible; MSIE 6.0; Windows NT 5.1)","Windows 10","ARM","Internet Explorer"
252,"Mozilla/4.0 (compatible; MSIE 6.0; Windows NT 5.1)","Windows 10","x86","Internet Explorer"
253,"Mozilla/4.0 (compatible; MSIE 6.0; Windows NT 5.1)","Windows 10","x64","Internet Explorer"
254,"Mozilla/4.0 (compatible; MSIE 6.0; Windows NT 5.1)","Windows 10","x86","Internet Explorer"
255,"Mozilla/4.0 (compatible; MSIE 6.0; Windows NT 5.1)","Windows 10","x64","Internet Explorer"
256,"Mozilla/4.0 (compatible; MSIE 6.0; Windows NT 5.1)","Windows 10","x86","Internet Explorer"
257,"Mozilla/4.0 (compatible; MSIE 6.0; Windows NT 5.1)","Windows 10","x86","Internet Explorer"
258,"Mozilla/4.0 (compatible; MSIE 6.0; Windows NT 5.1)","Windows 10","x86","Internet Explorer"
259,"Mozilla/4.0 (compatible; MSIE 6.0; Windows NT 5.1)","Windows 10","x64","Internet Explorer"
260,"Mozilla/4.0 (compatible; MSIE 6.0; Windows NT 5.1)","Windows 10","x86","Internet Explorer"
261,"Mozilla/4.0 (compatible; MSIE 6.0; Windows NT 5.1)","Windows 10","x64","Internet Explorer"
262,"Mozilla/4.0 (compatible; MSIE 6.0; Windows NT 5.1)","Windows 10","x64","Internet Explorer"
263,"Mozilla/4.0 (compatible; MSIE 6.0; Windows NT 5.1)","Windows 10","x64","Internet Explorer"
264,"Mozilla/4.0 (compatible; MSIE 6.0; Windows NT 5.1)","Windows 10","x64","Internet Explorer"
265,"Mozilla/4.0 (compatible; MSIE 6.0; Windows NT 5.1)","Windows 10","x86","Internet Explorer"
266,"Mozilla/4.0 (compatible; MSIE 6.0; Windows NT 5.1)","Windows 10","x64","Internet Explorer"
267,"Mozilla/4.0 (compatible; MSIE 6.0; Windows NT 5.1)","Windows 10","x64","Internet Explorer"
268,"Mozilla/4.0 (compatible; MSIE 6.0; Windows NT 5.1)","Windows 10","x86","Internet Explorer"
269,"Mozilla/4.0 (compatible; MSIE 6.0; Windows NT 5.1)","Windows 10","x86","Internet Explorer"
270,"Mozilla/4.0 (compatible; MSIE 6.0; Windows NT 5.1)","Windows 10","x86","Internet Explorer"
271,"Mozilla/4.0 (compatible; MSIE 6.0; Windows NT 5.1)","Windows 10","x64","Internet Explorer"
272,"Mozilla/4.0 (compatible; MSIE 6.0; Windows NT 5.1)","Windows 10","ARM","Internet Explorer"
273,"Mozilla/4.0 (compatible; MSIE 6.0; Windows NT 5.1)","Windows 10","x86","Internet Explorer"
274,"Mozilla/4.0 (compatible; MSIE 6.0; Windows NT 5.1)","Windows 10","ARM","Internet Explorer"
275,"Mozilla/4.0 (compatible; MSIE 6.0; Windows NT 5.1)","Windows 10","ARM","Internet Explorer"
276,"Mozilla/4.0 (compatible; MSIE 6.0; Windows NT 5.1)","Windows 10","x86","Internet Explorer"
277,"Mozilla/4.0 (compatible; MSIE 6.0; Windows NT 5.1)","Windows 10","x64","Internet Explorer"
278,"Mozilla/4.0 (compatible; MSIE 6.0; Windows NT 5.1)","Windows 10","x86","Internet Explorer"
279,"Mozilla/4.0 (compatible; MSIE 6.0; Windows NT 5.1)","Windows 10","x86","Internet Explorer"
280,"Mozilla/4.0 (compatible; MSIE 6.0; Windows NT 5.1)","Windows 10","x64","Internet Explorer"
281,"Mozilla/4.0 (compatible; MSIE 6.0; Windows NT 5.1)","Windows 10","x86","Internet Explorer"
282,"Mozilla/4.0 (compatible; MSIE 6.0; Windows NT 5.1)","Windows 10","x86","Internet Explorer"
283,"Mozilla/4.0 (compatible; MSIE 6.0; Windows NT 5.1)","Windows 10","x64","Internet Explorer"
284,"Mozilla/4.0 (compatible; MSIE 6.0; Windows NT 5.1)","Windows 10","x86","Internet Explorer"
285,"Mozilla/4.0 (compatible; MSIE 6.0; Windows NT 5.1)","Windows 10","x86","Internet Explorer"
286,"Mozilla/4.0 (compatible; MSIE 6.0; Windows NT 5.1)","Windows 10","x86","Internet Explorer"
287,"Mozilla/4.0 (compatible; MSIE 6.0; Windows NT 5.1)","Windows 10","ARM","Internet Explorer"
288,"Mozilla/4.0 (compatible; MSIE 6.0; Windows NT 5.1)","Windows 10","x64","Internet Explorer"
289,"Mozilla/4.0 (compatible; MSIE 6.0; Windows NT 5.1)","Windows 10","x86","Internet Explorer"
290,"Mozilla/4.0 (compatible; MSIE 6.0; Windows NT 5.1)","Windows 10","x86","Internet Explorer"
291,"Mozilla/4.0 (compatible; MSIE 6.0; Windows NT 5.1)","Windows 10","x64","Internet Explorer"
292,"Mozilla/4.0 (compatible; MSIE 6.0; Windows NT 5.1)","Windows 10","x86","Internet Explorer"
293,"Mozilla/4.0 (compatible; MSIE 6.0; Windows NT 5.1)","Windows 10","x86","Internet Explorer"
294,"Mozilla/4.0 (compatible; MSIE 6.0; Windows NT 5.1)","Windows 10","x86","Internet Explorer"
295,"Mozilla/4.0 (compatible; MSIE 6.0; Windows NT 5.1)","Windows 10","x64","Internet Explorer"
296,"Mozilla/4.0 (compatible; MSIE 6.0; Windows NT 5.1)","Windows 10","x64","Internet Explorer"
297,"Mozilla/4.0 (compatible; MSIE 6.0; Windows NT 5.1)","Windows 10","x86","Internet Explorer"
298,"Mozilla/4.0 (compatible; MSIE 6.0; Windows NT 5.1)","Windows 10","ARM","Internet Explorer"
299,"Mozilla/4.0 (compatible; MSIE 6.0; Windows NT 5.1)","Windows 10","x86","Internet Explorer"
300,"Mozilla/4.0 (compatible; MSIE 6.0; Windows NT 5.1)","Windows 10","x86","Internet Explorer"
301,"Mozilla/4.0 (compatible; MSIE 6.0; Windows NT 5.1)","Windows 10","x86","Internet Explorer"
302,"Mozilla/4.0 (compatible; MSIE 6.0; Windows NT 5.1)","Windows 10","x64","Internet Explorer"
303,"Mozilla/4.0 (compatible; MSIE 6.0; Windows NT 5.1)","Windows 10","ARM","Internet Explorer"
304,"Mozilla/4.0 (compatible; MSIE 6.0; Windows NT 5.1)","Windows 10","x86","Internet Explorer"
305,"Mozilla/4.0 (compatible; MSIE 6.0; Windows NT 5.1)","Windows 10","x64","Internet Explorer"
306,"Mozilla/4.0 (compatible; MSIE 6.0; Windows NT 5.1)","Windows 10","x86","Internet Explorer"
307,"Mozilla/4.0 (compatible; MSIE 6.0; Windows NT 5.1)","Windows 10","x64","Internet Explorer"
308,"Mozilla/4.0 (compatible; MSIE 6.0; Windows NT 5.1)","Windows 10","x86","Internet Explorer"
309,"Mozilla/4.0 (compatible; MSIE 6.0; Windows NT 5.1)","Windows 10","x64","Internet Explorer"
310,"Mozilla/4.0 (compatible; MSIE 6.0; Windows NT 5.1)","Windows 10","ARM","Internet Explorer"
311,"Mozilla/4.0 (compatible; MSIE 6.0; Windows NT 5.1)","Windows 10","x64","Internet Explorer"
312,"Mozilla/4.0 (compatible; MSIE 6.0; Windows NT 5.1)","Windows 10","x86","Internet Explorer"
313,"Mozilla/4.0 (compatible; MSIE 6.0; Windows NT 5.1)","Windows 10","ARM","Internet Explorer"
314,"Mozilla/4.0 (compatible; MSIE 6.0; Windows NT 5.1)","Windows 10","x86","Internet Explorer"
315,"Mozilla/4.0 (compatible; MSIE 6.0; Windows NT 5.1)","Windows 10","x64","Internet Explorer"
316,"Mozilla/4.0 (compatible; MSIE 6.0; Windows NT 5.1)","Windows 10","x86","Internet Explorer"
317,"Mozilla/4.0 (compatible; MSIE 6.0; Windows NT 5.1)","Windows 10","x86","Internet Explorer"
318,"Mozilla/4.0 (compatible; MSIE 6.0; Windows NT 5.1)","Windows 10","x86","Internet Explorer"
319,"Mozilla/4.0 (compatible; MSIE 6.0; Windows NT 5.1)","Windows 10","x86","Internet Explorer"
320,"Mozilla/4.0 (compatible; MSIE 6.0; Windows NT 5.1)","Windows 10","x86","Internet Explorer"
321,"Mozilla/4.0 (compatible; MSIE 6.0; Windows NT 5.1)","Windows 10","x86","Internet Explorer"
322,"Mozilla/4.0 (compatible; MSIE 6.0; Windows NT 5.1)","Windows 10","x86","Internet Explorer"
323,"Mozilla/4.0 (compatible; MSIE 6.0; Windows NT 5.1)","Windows 10","x86","Internet Explorer"
324,"Mozilla/4.0 (compatible; MSIE 6.0; Windows NT 5.1)","Windows 10","x64","Internet Explorer"
325,"Mozilla/4.0 (compatible; MSIE 6.0; Windows NT 5.1)","Windows 10","x86","Internet Explorer"
326,"Mozilla/4.0 (compatible; MSIE 6.0; Windows NT 5.1)","Windows 10","x64","Internet Explorer"
327,"Mozilla/4.0 (compatible; MSIE 6.0; Windows NT 5.1)","Windows 10","x64","Internet Explorer"
328,"Mozilla/4.0 (compatible; MSIE 6.0; Windows NT 5.1)","Windows 10","x86","Internet Explorer"
329,"Mozilla/4.0 (compatible; MSIE 6.0; Windows NT 5.1)","Windows 10","x64","Internet Explorer"
330,"Mozilla/4.0 (compatible; MSIE 6.0; Windows NT 5.1)","Windows 10","x86","Internet Explorer"
331,"Mozilla/4.0 (compatible; MSIE 6.0; Windows NT 5.1)","Windows 10","x64","Internet Explorer"
332,"Mozilla/4.0 (compatible; MSIE 6.0; Windows NT 5.1)","Windows 10","x86","Internet Explorer"
333,"Mozilla/4.0 (compatible; MSIE 6.0; Windows NT 5.1)","Windows 10","x86","Internet Explorer"
334,"Mozilla/4.0 (compatible; MSIE 6.0; Windows NT 5.1)","Windows 10","x64","Internet Explorer"
335,"Mozilla/4.0 (compatible; MSIE 6.0; Windows NT 5.1)","Windows 10","x86","Internet Explorer"
336,"Mozilla/4.0 (compatible; MSIE 6.0; Windows NT 5.1)","Windows 10","x86","Internet Explorer"
337,"Mozilla/4.0 (compatible; MSIE 6.0; Windows NT 5.1)","Windows 10","x86","Internet Explorer"
338,"Mozilla/4.0 (compatible; MSIE 6.0; Windows NT 5.1)","Windows 10","x64","Internet Explorer"
339,"Mozilla/4.0 (compatible; MSIE 6.0; Windows NT 5.1)","Windows 10","x86","Internet Explorer"
340,"Mozilla/4.0 (compatible; MSIE 6.0; Windows NT 5.1)","Windows 10","x64","Internet Explorer"
341,"Mozilla/4.0 (compatible; MSIE 6.0; Windows NT 5.1)","Windows 10","ARM","Internet Explorer"
342,"Mozilla/4.0 (compatible; MSIE 6.0; Windows NT 5.1)","Windows 10","x86","Internet Explorer"
343,"Mozilla/4.0 (compatible; MSIE 6.0; Windows NT 5.1)","Windows 10","x86","Internet Explorer"
344,"Mozilla/4.0 (compatible; MSIE 6.0; Windows NT 5.1)","Windows 10","ARM","Internet Explorer"
345,"Mozilla/4.0 (compatible; MSIE 6.0; Windows NT 5.1)","Windows 10","ARM","Internet Explorer"
346,"Mozilla/4.0 (compatible; MSIE 6.0; Windows NT 5.1)","Windows 10","x64","Internet Explorer"
347,"Mozilla/4.0 (compatible; MSIE 6.0; Windows NT 5.1)","Windows 10","x64","Internet Explorer"
348,"Mozilla/4.0 (compatible; MSIE 6.0; Windows NT 5.1)","Windows 10","x86","Internet Explorer"
349,"Mozilla/4.0 (compatible; MSIE 6.0; Windows NT 5.1)","Windows 10","x86","Internet Explorer"
350,"Mozilla/4.0 (compatible; MSIE 6.0; Windows NT 5.1)","Windows 10","ARM","Internet Explorer"
351,"Mozilla/4.0 (compatible; MSIE 6.0; Windows NT 5.1)","Windows 10","x64","Internet Explorer"
352,"Mozilla/4.0 (compatible; MSIE 6.0; Windows NT 5.1)","Windows 10","ARM","Internet Explorer"
353,"Mozilla/4.0 (compatible; MSIE 6.0; Windows NT 5.1)","Windows 10","x64","Internet Explorer"
354,"Mozilla/4.0 (compatible; MSIE 6.0; Windows NT 5.1)","Windows 10","ARM","Internet Explorer"
355,"Mozilla/4.0 (compatible; MSIE 6.0; Windows NT 5.1)","Windows 10","x86","Internet Explorer"
356,"Mozilla/4.0 (compatible; MSIE 6.0; Windows NT 5.1)","Windows 10","ARM","Internet Explorer"
357,"Mozilla/4.0 (compatible; MSIE 6.0; Windows NT 5.1)","Windows 10","ARM","Internet Explorer"
358,"Mozilla/4.0 (compatible; MSIE 6.0; Windows NT 5.1)","Windows 10","x64","Internet Explorer"
359,"Mozilla/4.0 (compatible; MSIE 6.0; Windows NT 5.1)","Windows 10","ARM","Internet Explorer"
360,"Mozilla/4.0 (compatible; MSIE 6.0; Windows NT 5.1)","Windows 10","x86","Internet Explorer"
361,"Mozilla/4.0 (compatible; MSIE 6.0; Windows NT 5.1)","Windows 10","ARM","Internet Explorer"
362,"Mozilla/4.0 (compatible; MSIE 6.0; Windows NT 5.1)","Windows 10","x86","Internet Explorer"
363,"Mozilla/4.0 (compatible; MSIE 6.0; Windows NT 5.1)","Windows 10","x86","Internet Explorer"
364,"Mozilla/4.0 (compatible; MSIE 6.0; Windows NT 5.1)","Windows 10","x64","Internet Explorer"
365,"Mozilla/4.0 (compatible; MSIE 6.0; Windows NT 5.1)","Windows 10","x64","Internet Explorer"
366,"Mozilla/4.0 (compatible; MSIE 6.0; Windows NT 5.1)","Windows 10","x64","Internet Explorer"
367,"Mozilla/4.0 (compatible; MSIE 6.0; Windows NT 5.1)","Windows 10","x86","Internet Explorer"
368,"Mozilla/4.0 (compatible; MSIE 6.0; Windows NT 5.1)","Windows 10","ARM","Internet Explorer"
369,"Mozilla/4.0 (compatible; MSIE 6.0; Windows NT 5.1)","Windows 10","x86","Internet Explorer"
370,"Mozilla/4.0 (compatible; MSIE 6.0; Windows NT 5.1)","Windows 10","x64","Internet Explorer"
371,"Mozilla/4.0 (compatible; MSIE 6.0; Windows NT 5.1)","Windows 10","x64","Internet Explorer"
372,"Mozilla/4.0 (compatible; MSIE 6.0; Windows NT 5.1)","Windows 10","x86","Internet Explorer"
373,"Mozilla/4.0 (compatible; MSIE 6.0; Windows NT 5.1)","Windows 10","ARM","Internet Explorer"
374,"Mozilla/4.0 (compatible; MSIE 6.0; Windows NT 5.1)","Windows 10","x86","Internet Explorer"
375,"Mozilla/4.0 (compatible; MSIE 6.0; Windows NT 5.1)","Windows 10","x64","Internet Explorer"
376,"Mozilla/4.0 (compatible; MSIE 6.0; Windows NT 5.1)","Windows 10","ARM","Internet Explorer"
377,"Mozilla/4.0 (compatible; MSIE 6.0; Windows NT 5.1)","Windows 10","x86","Internet Explorer"
378,"Mozilla/4.0 (compatible; MSIE 6.0; Windows NT 5.1)","Windows 10","x86","Internet Explorer"
379,"Mozilla/4.0 (compatible; MSIE 6.0; Windows NT 5.1)","Windows 10","x64","Internet Explorer"
380,"Mozilla/4.0 (compatible; MSIE 6.0; Windows NT 5.1)","Windows 10","x86","Internet Explorer"
381,"Mozilla/4.0 (compatible; MSIE 6.0; Windows NT 5.1)","Windows 10","x86","Internet Explorer"
382,"Mozilla/4.0 (compatible; MSIE 6.0; Windows NT 5.1)","Windows 10","ARM","Internet Explorer"
383,"Mozilla/4.0 (compatible; MSIE 6.0; Windows NT 5.1)","Windows 10","x86","Internet Explorer"
384,"Mozilla/4.0 (compatible; MSIE 6.0; Windows NT 5.1)","Windows 10","x64","Internet Explorer"
385,"Mozilla/4.0 (compatible; MSIE 6.0; Windows NT 5.1)","Windows 10","x64","Internet Explorer"
386,"Mozilla/4.0 (compatible; MSIE 6.0; Windows NT 5.1)","Windows 10","x64","Internet Explorer"
387,"Mozilla/4.0 (compatible; MSIE 6.0; Windows NT 5.1)","Windows 10","x86","Internet Explorer"
388,"Mozilla/4.0 (compatible; MSIE 6.0; Windows NT 5.1)","Windows 10","x86","Internet Explorer"
389,"Mozilla/4.0 (compatible; MSIE 6.0; Windows NT 5.1)","Windows 10","x64","Internet Explorer"
390,"Mozilla/4.0 (compatible; MSIE 6.0; Windows NT 5.1)","Windows 10","x64","Internet Explorer"
391,"Mozilla/4.0 (compatible; MSIE 6.0; Windows NT 5.1)","Windows 10","x86","Internet Explorer"
392,"Mozilla/4.0 (compatible; MSIE 6.0; Windows NT 5.1)","Windows 10","x64","Internet Explorer"
393,"Mozilla/4.0 (compatible; MSIE 6.0; Windows NT 5.1)","Windows 10","ARM","Internet Explorer"
394,"Mozilla/4.0 (compatible; MSIE 6.0; Windows NT 5.1)","Windows 10","ARM","Internet Explorer"
395,"Mozilla/4.0 (compatible; MSIE 6.0; Windows NT 5.1)","Windows 10","x64","Internet Explorer"
396,"Mozilla/4.0 (compatible; MSIE 6.0; Windows NT 5.1)","Windows 10","x86","Internet Explorer"
397,"Mozilla/4.0 (compatible; MSIE 6.0; Windows NT 5.1)","Windows 10","x64","Internet Explorer"
398,"Mozilla/4.0 (compatible; MSIE 6.0; Windows NT 5.1)","Windows 10","x64","Internet Explorer"
399,"Mozilla/4.0 (compatible; MSIE 6.0; Windows NT 5.1)","Windows 10","x64","Internet Explorer"
400,"Mozilla/4.0 (compatible; MSIE 6.0; Windows NT 5.1)","Windows 10","x86","Internet Explorer"
401,"Mozilla/4.0 (compatible; MSIE 6.0; Windows NT 5.1)","Windows 10","x86","Internet Explorer"
402,"Mozilla/4.0 (compatible; MSIE 6.0; Windows NT 5.1)","Windows 10","ARM","Internet Explorer"
403,"Mozilla/4.0 (compatible; MSIE 6.0; Windows NT 5.1)","Windows 10","x86","Internet Explorer"
404,"Mozilla/4.0 (compatible; MSIE 6.0; Windows NT 5.1)","Windows 10","x86","Internet Explorer"
405,"Mozilla/4.0 (compatible; MSIE 6.0; Windows NT 5.1)","Windows 10","x86","Internet Explorer"
406,"Mozilla/4.0 (compatible; MSIE 6.0; Windows NT 5.1)","Windows 10","x86","Internet Explorer"
407,"Mozilla/4.0 (compatible; MSIE 6.0; Windows NT 5.1)","Windows 10","x86","Internet Explorer"
408,"Mozilla/4.0 (compatible; MSIE 6.0; Windows NT 5.1)","Windows 10","x64","Internet Explorer"
409,"Mozilla/4.0 (compatible; MSIE 6.0; Windows NT 5.1)","Windows 10","ARM","Internet Explorer"
410,"Mozilla/4.0 (compatible; MSIE 6.0; Windows NT 5.1)","Windows 10","x64","Internet Explorer"
411,"Mozilla/4.0 (compatible; MSIE 6.0; Windows NT 5.1)","Windows 10","x64","Internet Explorer"
412,"Mozilla/4.0 (compatible; MSIE 6.0; Windows NT 5.1)","Windows 10","x64","Internet Explorer"
413,"Mozilla/4.0 (compatible; MSIE 6.0; Windows NT 5.1)","Windows 10","x64","Internet Explorer"
414,"Mozilla/4.0 (compatible; MSIE 6.0; Windows NT 5.1)","Windows 10","x86","Internet Explorer"
415,"Mozilla/4.0 (compatible; MSIE 6.0; Windows NT 5.1)","Windows 10","ARM","Internet Explorer"
416,"Mozilla/4.0 (compatible; MSIE 6.0; Windows NT 5.1)","Windows 10","ARM","Internet Explorer"
417,"Mozilla/4.0 (compatible; MSIE 6.0; Windows NT 5.1)","Windows 10","x64","Internet Explorer"
418,"Mozilla/4.0 (compatible; MSIE 6.0; Windows NT 5.1)","Windows 10","x64","Internet Explorer"
419,"Mozilla/4.0 (compatible; MSIE 6.0; Windows NT 5.1)","Windows 10","x86","Internet Explorer"
420,"Mozilla/4.0 (compatible; MSIE 6.0; Windows NT 5.1)","Windows 10","ARM","Internet Explorer"
421,"Mozilla/4.0 (compatible; MSIE 6.0; Windows NT 5.1)","Windows 10","x86","Internet Explorer"
422,"Mozilla/4.0 (compatible; MSIE 6.0; Windows NT 5.1)","Windows 10","x64","Internet Explorer"
423,"Mozilla/4.0 (compatible; MSIE 6.0; Windows NT 5.1)","Windows 10","x86","Internet Explorer"
424,"Mozilla/4.0 (compatible; MSIE 6.0; Windows NT 5.1)","Windows 10","ARM","Internet Explorer"
425,"Mozilla/4.0 (compatible; MSIE 6.0; Windows NT 5.1)","Windows 10","x64","Internet Explorer"
426,"Mozilla/4.0 (compatible; MSIE 6.0; Windows NT 5.1)","Windows 10","ARM","Internet Explorer"
427,"Mozilla/4.0 (compatible; MSIE 6.0; Windows NT 5.1)","Windows 10","x64","Internet Explorer"
428,"Mozilla/4.0 (compatible; MSIE 6.0; Windows NT 5.1)","Windows 10","x86","Internet Explorer"
429,"Mozilla/4.0 (compatible; MSIE 6.0; Windows NT 5.1)","Windows 10","x64","Internet Explorer"
430,"Mozilla/4.0 (compatible; MSIE 6.0; Windows NT 5.1)","Windows 10","ARM","Internet Explorer"
431,"Mozilla/4.0 (compatible; MSIE 6.0; Windows NT 5.1)","Windows 10","x86","Internet Explorer"
432,"Mozilla/4.0 (compatible; MSIE 6.0; Windows NT 5.1)","Windows 10","x86","Internet Explorer"
433,"Mozilla/4.0 (compatible; MSIE 6.0; Windows NT 5.1)","Windows 10","x64","Internet Explorer"
434,"Mozilla/4.0 (compatible; MSIE 6.0; Windows NT 5.1)","Windows 10","x86","Internet Explorer"
435,"Mozilla/4.0 (compatible; MSIE 6.0; Windows NT 5.1)","Windows 10","x86","Internet Explorer"
436,"Mozilla/4.0 (compatible; MSIE 6.0; Windows NT 5.1)","Windows 10","x64","Internet Explorer"
437,"Mozilla/4.0 (compatible; MSIE 6.0; Windows NT 5.1)","Windows 10","x64","Internet Explorer"
438,"Mozilla/4.0 (compatible; MSIE 6.0; Windows NT 5.1)","Windows 10","x64","Internet Explorer"
439,"Mozilla/4.0 (compatible; MSIE 6.0; Windows NT 5.1)","Windows 10","ARM","Internet Explorer"
440,"Mozilla/4.0 (compatible; MSIE 6.0; Windows NT 5.1)","Windows 10","x64","Internet Explorer"
441,"Mozilla/4.0 (compatible; MSIE 6.0; Windows NT 5.1)","Windows 10","ARM","Internet Explorer"
442,"Mozilla/4.0 (compatible; MSIE 6.0; Windows NT 5.1)","Windows 10","x86","Internet Explorer"
443,"Mozilla/4.0 (compatible; MSIE 6.0; Windows NT 5.1)","Windows 10","x64","Internet Explorer"
444,"Mozilla/4.0 (compatible; MSIE 6.0; Windows NT 5.1)","Windows 10","x64","Internet Explorer"
445,"Mozilla/4.0 (compatible; MSIE 6.0; Windows NT 5.1)","Windows 10","x86","Internet Explorer"
446,"Mozilla/4.0 (compatible; MSIE 6.0; Windows NT 5.1)","Windows 10","x64","Internet Explorer"
447,"Mozilla/4.0 (compatible; MSIE 6.0; Windows NT 5.1)","Windows 10","x86","Internet Explorer"
448,"Mozilla/4.0 (compatible; MSIE 6.0; Windows NT 5.1)","Windows 10","x86","Internet Explorer"
449,"Mozilla/4.0 (compatible; MSIE 6.0; Windows NT 5.1)","Windows 10","ARM","Internet Explorer"
450,"Mozilla/4.0 (compatible; MSIE 6.0; Windows NT 5.1)","Windows 10","ARM","Internet Explorer"
451,"Mozilla/4.0 (compatible; MSIE 6.0; Windows NT 5.1)","Windows 10","x86","Internet Explorer"
452,"Mozilla/4.0 (compatible; MSIE 6.0; Windows NT 5.1)","Windows 10","x86","Internet Explorer"
453,"Mozilla/4.0 (compatible; MSIE 6.0; Windows NT 5.1)","Windows 10","x64","Internet Explorer"
454,"Mozilla/4.0 (compatible; MSIE 6.0; Windows NT 5.1)","Windows 10","x86","Internet Explorer"
455,"Mozilla/4.0 (compatible; MSIE 6.0; Windows NT 5.1)","Windows 10","ARM","Internet Explorer"
456,"Mozilla/4.0 (compatible; MSIE 6.0; Windows NT 5.1)","Windows 10","ARM","Internet Explorer"
457,"Mozilla/4.0 (compatible; MSIE 6.0; Windows NT 5.1)","Windows 10","ARM","Internet Explorer"
458,"Mozilla/4.0 (compatible; MSIE 6.0; Windows NT 5.1)","Windows 10","x64","Internet Explorer"
459,"Mozilla/4.0 (compatible; MSIE 6.0; Windows NT 5.1)","Windows 10","x64","Internet Explorer"
460,"Mozilla/4.0 (compatible; MSIE 6.0; Windows NT 5.1)","Windows 10","x64","Internet Explorer"
461,"Mozilla/4.0 (compatible; MSIE 6.0; Windows NT 5.1)","Windows 10","x64","Internet Explorer"
462,"Mozilla/4.0 (compatible; MSIE 6.0; Windows NT 5.1)","Windows 10","x64","Internet Explorer"
463,"Mozilla/4.0 (compatible; MSIE 6.0; Windows NT 5.1)","Windows 10","ARM","Internet Explorer"
464,"Mozilla/4.0 (compatible; MSIE 6.0; Windows NT 5.1)","Windows 10","x64","Internet Explorer"
465,"Mozilla/4.0 (compatible; MSIE 6.0; Windows NT 5.1)","Windows 10","x64","Internet Explorer"
466,"Mozilla/4.0 (compatible; MSIE 6.0; Windows NT 5.1)","Windows 10","x64","Internet Explorer"
467,"Mozilla/4.0 (compatible; MSIE 6.0; Windows NT 5.1)","Windows 10","x64","Internet Explorer"
468,"Mozilla/4.0 (compatible; MSIE 6.0; Windows NT 5.1)","Windows 10","ARM","Internet Explorer"
469,"Mozilla/4.0 (compatible; MSIE 6.0; Windows NT 5.1)","Windows 10","x86","Internet Explorer"
470,"Mozilla/4.0 (compatible; MSIE 6.0; Windows NT 5.1)","Windows 10","x64","Internet Explorer"
471,"Mozilla/4.0 (compatible; MSIE 6.0; Windows NT 5.1)","Windows 10","ARM","Internet Explorer"
472,"Mozilla/4.0 (compatible; MSIE 6.0; Windows NT 5.1)","Windows 10","x64","Internet Explorer"
473,"Mozilla/4.0 (compatible; MSIE 6.0; Windows NT 5.1)","Windows 10","x64","Internet Explorer"
474,"Mozilla/4.0 (compatible; MSIE 6.0; Windows NT 5.1)","Windows 10","x86","Internet Explorer"
475,"Mozilla/4.0 (compatible; MSIE 6.0; Windows NT 5.1)","Windows 10","x86","Internet Explorer"
476,"Mozilla/4.0 (compatible; MSIE 6.0; Windows NT 5.1)","Windows 10","x86","Internet Explorer"
477,"Mozilla/4.0 (compatible; MSIE 6.0; Windows NT 5.1)","Windows 10","x86","Internet Explorer"
478,"Mozilla/4.0 (compatible; MSIE 6.0; Windows NT 5.1)","Windows 10","x64","Internet Explorer"
479,"Mozilla/4.0 (compatible; MSIE 6.0; Windows NT 5.1)","Windows 10","x86","Internet Explorer"
480,"Mozilla/4.0 (compatible; MSIE 6.0; Windows NT 5.1)","Windows 10","ARM","Internet Explorer"
1383,"Mozilla/5.0 (Windows; U; Windows NT 5.1)Gecko/20070309 Firefox/2.0.0.3","Windows 10","x64","Mozilla Firefox"
1384,"Mozilla/5.0 (Windows; U; Windows NT 5.1)Gecko/20070309 Firefox/2.0.0.3","Windows 10","ARM","Mozilla Firefox"
1385,"Mozilla/5.0 (Windows; U; Windows NT 5.1)Gecko/20070309 Firefox/2.0.0.3","Windows 10","x86","Mozilla Firefox"
1386,"Mozilla/5.0 (Windows; U; Windows NT 5.1)Gecko/20070309 Firefox/2.0.0.3","Windows 10","x86","Mozilla Firefox"
1387,"Mozilla/5.0 (Windows; U; Windows NT 5.1)Gecko/20070309 Firefox/2.0.0.3","Windows 10","ARM","Mozilla Firefox"
1388,"Mozilla/5.0 (Windows; U; Windows NT 5.1)Gecko/20070309 Firefox/2.0.0.3","Windows 10","x64","Mozilla Firefox"
1389,"Mozilla/5.0 (Windows; U; Windows NT 5.1)Gecko/20070309 Firefox/2.0.0.3","Windows 10","x64","Mozilla Firefox"
1390,"Mozilla/5.0 (Windows; U; Windows NT 5.1)Gecko/20070309 Firefox/2.0.0.3","Windows 10","x86","Mozilla Firefox"
1391,"Mozilla/5.0 (Windows; U; Windows NT 5.1)Gecko/20070309 Firefox/2.0.0.3","Windows 10","ARM","Mozilla Firefox"
1392,"Mozilla/5.0 (Windows; U; Windows NT 5.1)Gecko/20070309 Firefox/2.0.0.3","Windows 10","x86","Mozilla Firefox"
1393,"Mozilla/5.0 (Windows; U; Windows NT 5.1)Gecko/20070309 Firefox/2.0.0.3","Windows 10","ARM","Mozilla Firefox"
1394,"Mozilla/5.0 (Windows; U; Windows NT 5.1)Gecko/20070309 Firefox/2.0.0.3","Windows 10","x64","Mozilla Firefox"
1395,"Mozilla/5.0 (Windows; U; Windows NT 5.1)Gecko/20070309 Firefox/2.0.0.3","Windows 10","x64","Mozilla Firefox"
1396,"Mozilla/5.0 (Windows; U; Windows NT 5.1)Gecko/20070309 Firefox/2.0.0.3","Windows 10","x64","Mozilla Firefox"
1397,"Mozilla/5.0 (Windows; U; Windows NT 5.1)Gecko/20070309 Firefox/2.0.0.3","Windows 10","x64","Mozilla Firefox"
1398,"Mozilla/5.0 (Windows; U; Windows NT 5.1)Gecko/20070309 Firefox/2.0.0.3","Windows 10","ARM","Mozilla Firefox"
661,"Mozilla/4.0 (compatible; MSIE 7.0; Windows NT 6.0)","Windows 10","x86","Internet Explorer"
662,"Mozilla/4.0 (compatible; MSIE 7.0; Windows NT 6.0)","Windows 10","x64","Internet Explorer"
663,"Mozilla/4.0 (compatible; MSIE 7.0; Windows NT 6.0)","Windows 10","ARM","Internet Explorer"
664,"Mozilla/4.0 (compatible; MSIE 7.0; Windows NT 6.0)","Windows 10","x64","Internet Explorer"
665,"Mozilla/4.0 (compatible; MSIE 7.0; Windows NT 6.0)","Windows 10","ARM","Internet Explorer"
666,"Mozilla/4.0 (compatible; MSIE 7.0; Windows NT 6.0)","Windows 10","ARM","Internet Explorer"
667,"Mozilla/4.0 (compatible; MSIE 7.0; Windows NT 6.0)","Windows 10","x86","Internet Explorer"
668,"Mozilla/4.0 (compatible; MSIE 7.0; Windows NT 6.0)","Windows 10","x64","Internet Explorer"
669,"Mozilla/4.0 (compatible; MSIE 7.0; Windows NT 6.0)","Windows 10","x64","Internet Explorer"
670,"Mozilla/4.0 (compatible; MSIE 7.0; Windows NT 6.0)","Windows 10","ARM","Internet Explorer"
671,"Mozilla/4.0 (compatible; MSIE 7.0; Windows NT 6.0)","Windows 10","ARM","Internet Explorer"
672,"Mozilla/4.0 (compatible; MSIE 7.0; Windows NT 6.0)","Windows 10","ARM","Internet Explorer"
673,"Mozilla/4.0 (compatible; MSIE 7.0; Windows NT 6.0)","Windows 10","ARM","Internet Explorer"
674,"Mozilla/4.0 (compatible; MSIE 7.0; Windows NT 6.0)","Windows 10","x64","Internet Explorer"
675,"Mozilla/4.0 (compatible; MSIE 7.0; Windows NT 6.0)","Windows 10","x86","Internet Explorer"
676,"Mozilla/4.0 (compatible; MSIE 7.0; Windows NT 6.0)","Windows 10","ARM","Internet Explorer"
677,"Mozilla/4.0 (compatible; MSIE 7.0; Windows NT 6.0)","Windows 10","x64","Internet Explorer"
678,"Mozilla/4.0 (compatible; MSIE 7.0; Windows NT 6.0)","Windows 10","x86","Internet Explorer"
679,"Mozilla/4.0 (compatible; MSIE 7.0; Windows NT 6.0)","Windows 10","ARM","Internet Explorer"
680,"Mozilla/4.0 (compatible; MSIE 7.0; Windows NT 6.0)","Windows 10","x86","Internet Explorer"
681,"Mozilla/4.0 (compatible; MSIE 7.0; Windows NT 6.0)","Windows 10","x64","Internet Explorer"
682,"Mozilla/4.0 (compatible; MSIE 7.0; Windows NT 6.0)","Windows 10","ARM","Internet Explorer"
683,"Mozilla/4.0 (compatible; MSIE 7.0; Windows NT 6.0)","Windows 10","x86","Internet Explorer"
684,"Mozilla/4.0 (compatible; MSIE 7.0; Windows NT 6.0)","Windows 10","ARM","Internet Explorer"
685,"Mozilla/4.0 (compatible; MSIE 7.0; Windows NT 6.0)","Windows 10","ARM","Internet Explorer"
686,"Mozilla/4.0 (compatible; MSIE 7.0; Windows NT 6.0)","Windows 10","x64","Internet Explorer"
687,"Mozilla/4.0 (compatible; MSIE 7.0; Windows NT 6.0)","Windows 10","x64","Internet Explorer"
688,"Mozilla/4.0 (compatible; MSIE 7.0; Windows NT 6.0)","Windows 10","x86","Internet Explorer"
689,"Mozilla/4.0 (compatible; MSIE 7.0; Windows NT 6.0)","Windows 10","x86","Internet Explorer"
690,"Mozilla/4.0 (compatible; MSIE 7.0; Windows NT 6.0)","Windows 10","x86","Internet Explorer"
691,"Mozilla/4.0 (compatible; MSIE 7.0; Windows NT 6.0)","Windows 10","x86","Internet Explorer"
692,"Mozilla/4.0 (compatible; MSIE 7.0; Windows NT 6.0)","Windows 10","x86","Internet Explorer"
693,"Mozilla/4.0 (compatible; MSIE 7.0; Windows NT 6.0)","Windows 10","x64","Internet Explorer"
694,"Mozilla/4.0 (compatible; MSIE 7.0; Windows NT 6.0)","Windows 10","x86","Internet Explorer"
695,"Mozilla/4.0 (compatible; MSIE 7.0; Windows NT 6.0)","Windows 10","x86","Internet Explorer"
696,"Mozilla/4.0 (compatible; MSIE 7.0; Windows NT 6.0)","Windows 10","x64","Internet Explorer"
697,"Mozilla/4.0 (compatible; MSIE 7.0; Windows NT 6.0)","Windows 10","x64","Internet Explorer"
698,"Mozilla/4.0 (compatible; MSIE 7.0; Windows NT 6.0)","Windows 10","x86","Internet Explorer"
699,"Mozilla/4.0 (compatible; MSIE 7.0; Windows NT 6.0)","Windows 10","ARM","Internet Explorer"
700,"Mozilla/4.0 (compatible; MSIE 7.0; Windows NT 6.0)","Windows 10","ARM","Internet Explorer"
701,"Mozilla/4.0 (compatible; MSIE 7.0; Windows NT 6.0)","Windows 10","x86","Internet Explorer"
702,"Mozilla/4.0 (compatible; MSIE 7.0; Windows NT 6.0)","Windows 10","x64","Internet Explorer"
703,"Mozilla/4.0 (compatible; MSIE 7.0; Windows NT 6.0)","Windows 10","x86","Internet Explorer"
704,"Mozilla/4.0 (compatible; MSIE 7.0; Windows NT 6.0)","Windows 10","x64","Internet Explorer"
705,"Mozilla/4.0 (compatible; MSIE 7.0; Windows NT 6.0)","Windows 10","ARM","Internet Explorer"
706,"Mozilla/4.0 (compatible; MSIE 7.0; Windows NT 6.0)","Windows 10","x64","Internet Explorer"
707,"Mozilla/4.0 (compatible; MSIE 7.0; Windows NT 6.0)","Windows 10","x64","Internet Explorer"
708,"Mozilla/4.0 (compatible; MSIE 7.0; Windows NT 6.0)","Windows 10","x86","Internet Explorer"
709,"Mozilla/4.0 (compatible; MSIE 7.0; Windows NT 6.0)","Windows 10","x86","Internet Explorer"
710,"Mozilla/4.0 (compatible; MSIE 7.0; Windows NT 6.0)","Windows 10","ARM","Internet Explorer"
711,"Mozilla/4.0 (compatible; MSIE 7.0; Windows NT 6.0)","Windows 10","x64","Internet Explorer"
712,"Mozilla/4.0 (compatible; MSIE 7.0; Windows NT 6.0)","Windows 10","x86","Internet Explorer"
713,"Mozilla/4.0 (compatible; MSIE 7.0; Windows NT 6.0)","Windows 10","x64","Internet Explorer"
714,"Mozilla/4.0 (compatible; MSIE 7.0; Windows NT 6.0)","Windows 10","x86","Internet Explorer"
715,"Mozilla/4.0 (compatible; MSIE 7.0; Windows NT 6.0)","Windows 10","ARM","Internet Explorer"
716,"Mozilla/4.0 (compatible; MSIE 7.0; Windows NT 6.0)","Windows 10","x86","Internet Explorer"
717,"Mozilla/4.0 (compatible; MSIE 7.0; Windows NT 6.0)","Windows 10","ARM","Internet Explorer"
718,"Mozilla/4.0 (compatible; MSIE 7.0; Windows NT 6.0)","Windows 10","ARM","Internet Explorer"
719,"Mozilla/4.0 (compatible; MSIE 7.0; Windows NT 6.0)","Windows 10","ARM","Internet Explorer"
720,"Mozilla/4.0 (compatible; MSIE 7.0; Windows NT 6.0)","Windows 10","x86","Internet Explorer"
721,"Mozilla/4.0 (compatible; MSIE 7.0; Windows NT 6.0)","Windows 10","x64","Internet Explorer"
722,"Mozilla/4.0 (compatible; MSIE 7.0; Windows NT 6.0)","Windows 10","x86","Internet Explorer"
723,"Mozilla/4.0 (compatible; MSIE 7.0; Windows NT 6.0)","Windows 10","ARM","Internet Explorer"
724,"Mozilla/4.0 (compatible; MSIE 7.0; Windows NT 6.0)","Windows 10","x86","Internet Explorer"
725,"Mozilla/4.0 (compatible; MSIE 7.0; Windows NT 6.0)","Windows 10","x64","Internet Explorer"
726,"Mozilla/4.0 (compatible; MSIE 7.0; Windows NT 6.0)","Windows 10","x86","Internet Explorer"
727,"Mozilla/4.0 (compatible; MSIE 7.0; Windows NT 6.0)","Windows 10","x86","Internet Explorer"
728,"Mozilla/4.0 (compatible; MSIE 7.0; Windows NT 6.0)","Windows 10","x64","Internet Explorer"
729,"Mozilla/4.0 (compatible; MSIE 7.0; Windows NT 6.0)","Windows 10","x86","Internet Explorer"
730,"Mozilla/4.0 (compatible; MSIE 7.0; Windows NT 6.0)","Windows 10","x64","Internet Explorer"
731,"Mozilla/4.0 (compatible; MSIE 7.0; Windows NT 6.0)","Windows 10","ARM","Internet Explorer"
732,"Mozilla/4.0 (compatible; MSIE 7.0; Windows NT 6.0)","Windows 10","x86","Internet Explorer"
733,"Mozilla/4.0 (compatible; MSIE 7.0; Windows NT 6.0)","Windows 10","x64","Internet Explorer"
734,"Mozilla/4.0 (compatible; MSIE 7.0; Windows NT 6.0)","Windows 10","ARM","Internet Explorer"
735,"Mozilla/4.0 (compatible; MSIE 7.0; Windows NT 6.0)","Windows 10","x64","Internet Explorer"
736,"Mozilla/4.0 (compatible; MSIE 7.0; Windows NT 6.0)","Windows 10","x64","Internet Explorer"
737,"Mozilla/4.0 (compatible; MSIE 7.0; Windows NT 6.0)","Windows 10","ARM","Internet Explorer"
738,"Mozilla/4.0 (compatible; MSIE 7.0; Windows NT 6.0)","Windows 10","x86","Internet Explorer"
739,"Mozilla/4.0 (compatible; MSIE 7.0; Windows NT 6.0)","Windows 10","x64","Internet Explorer"
740,"Mozilla/4.0 (compatible; MSIE 7.0; Windows NT 6.0)","Windows 10","x64","Internet Explorer"
741,"Mozilla/4.0 (compatible; MSIE 7.0; Windows NT 6.0)","Windows 10","x86","Internet Explorer"
742,"Mozilla/4.0 (compatible; MSIE 7.0; Windows NT 6.0)","Windows 10","x64","Internet Explorer"
743,"Mozilla/4.0 (compatible; MSIE 7.0; Windows NT 6.0)","Windows 10","x64","Internet Explorer"
744,"Mozilla/4.0 (compatible; MSIE 7.0; Windows NT 6.0)","Windows 10","ARM","Internet Explorer"
745,"Mozilla/4.0 (compatible; MSIE 7.0; Windows NT 6.0)","Windows 10","x64","Internet Explorer"
746,"Mozilla/4.0 (compatible; MSIE 7.0; Windows NT 6.0)","Windows 10","x64","Internet Explorer"
747,"Mozilla/4.0 (compatible; MSIE 7.0; Windows NT 6.0)","Windows 10","x86","Internet Explorer"
748,"Mozilla/4.0 (compatible; MSIE 7.0; Windows NT 6.0)","Windows 10","x86","Internet Explorer"
749,"Mozilla/4.0 (compatible; MSIE 7.0; Windows NT 6.0)","Windows 10","x64","Internet Explorer"
750,"Mozilla/4.0 (compatible; MSIE 7.0; Windows NT 6.0)","Windows 10","x86","Internet Explorer"
751,"Mozilla/4.0 (compatible; MSIE 7.0; Windows NT 6.0)","Windows 10","x86","Internet Explorer"
752,"Mozilla/4.0 (compatible; MSIE 7.0; Windows NT 6.0)","Windows 10","x86","Internet Explorer"
753,"Mozilla/4.0 (compatible; MSIE 7.0; Windows NT 6.0)","Windows 10","ARM","Internet Explorer"
754,"Mozilla/4.0 (compatible; MSIE 7.0; Windows NT 6.0)","Windows 10","x86","Internet Explorer"
755,"Mozilla/4.0 (compatible; MSIE 7.0; Windows NT 6.0)","Windows 10","ARM","Internet Explorer"
756,"Mozilla/4.0 (compatible; MSIE 7.0; Windows NT 6.0)","Windows 10","x86","Internet Explorer"
757,"Mozilla/4.0 (compatible; MSIE 7.0; Windows NT 6.0)","Windows 10","x64","Internet Explorer"
758,"Mozilla/4.0 (compatible; MSIE 7.0; Windows NT 6.0)","Windows 10","ARM","Internet Explorer"
759,"Mozilla/4.0 (compatible; MSIE 7.0; Windows NT 6.0)","Windows 10","x86","Internet Explorer"
760,"Mozilla/4.0 (compatible; MSIE 7.0; Windows NT 6.0)","Windows 10","x86","Internet Explorer"
761,"Mozilla/4.0 (compatible; MSIE 7.0; Windows NT 6.0)","Windows 10","x86","Internet Explorer"
762,"Mozilla/4.0 (compatible; MSIE 7.0; Windows NT 6.0)","Windows 10","x86","Internet Explorer"
763,"Mozilla/4.0 (compatible; MSIE 7.0; Windows NT 6.0)","Windows 10","x64","Internet Explorer"
764,"Mozilla/4.0 (compatible; MSIE 7.0; Windows NT 6.0)","Windows 10","x64","Internet Explorer"
765,"Mozilla/4.0 (compatible; MSIE 7.0; Windows NT 6.0)","Windows 10","x86","Internet Explorer"
766,"Mozilla/4.0 (compatible; MSIE 7.0; Windows NT 6.0)","Windows 10","x86","Internet Explorer"
767,"Mozilla/4.0 (compatible; MSIE 7.0; Windows NT 6.0)","Windows 10","x86","Internet Explorer"
768,"Mozilla/4.0 (compatible; MSIE 7.0; Windows NT 6.0)","Windows 10","x86","Internet Explorer"
769,"Mozilla/4.0 (compatible; MSIE 7.0; Windows NT 6.0)","Windows 10","x64","Internet Explorer"
770,"Mozilla/4.0 (compatible; MSIE 7.0; Windows NT 6.0)","Windows 10","x64","Internet Explorer"
771,"Mozilla/4.0 (compatible; MSIE 7.0; Windows NT 6.0)","Windows 10","x64","Internet Explorer"
772,"Mozilla/4.0 (compatible; MSIE 7.0; Windows NT 6.0)","Windows 10","ARM","Internet Explorer"
773,"Mozilla/4.0 (compatible; MSIE 7.0; Windows NT 6.0)","Windows 10","ARM","Internet Explorer"
774,"Mozilla/4.0 (compatible; MSIE 7.0; Windows NT 6.0)","Windows 10","x86","Internet Explorer"
775,"Mozilla/4.0 (compatible; MSIE 7.0; Windows NT 6.0)","Windows 10","ARM","Internet Explorer"
776,"Mozilla/4.0 (compatible; MSIE 7.0; Windows NT 6.0)","Windows 10","x64","Internet Explorer"
777,"Mozilla/4.0 (compatible; MSIE 7.0; Windows NT 6.0)","Windows 10","x86","Internet Explorer"
778,"Mozilla/4.0 (compatible; MSIE 7.0; Windows NT 6.0)","Windows 10","x86","Internet Explorer"
779,"Mozilla/4.0 (compatible; MSIE 7.0; Windows NT 6.0)","Windows 10","x64","Internet Explorer"
780,"Mozilla/4.0 (compatible; MSIE 7.0; Windows NT 6.0)","Windows 10","x86","Internet Explorer"
781,"Mozilla/4.0 (compatible; MSIE 7.0; Windows NT 6.0)","Windows 10","x86","Internet Explorer"
782,"Mozilla/4.0 (compatible; MSIE 7.0; Windows NT 6.0)","Windows 10","x86","Internet Explorer"
783,"Mozilla/4.0 (compatible; MSIE 7.0; Windows NT 6.0)","Windows 10","ARM","Internet Explorer"
784,"Mozilla/4.0 (compatible; MSIE 7.0; Windows NT 6.0)","Windows 10","x86","Internet Explorer"
785,"Mozilla/4.0 (compatible; MSIE 7.0; Windows NT 6.0)","Windows 10","ARM","Internet Explorer"
786,"Mozilla/4.0 (compatible; MSIE 7.0; Windows NT 6.0)","Windows 10","x64","Internet Explorer"
787,"Mozilla/4.0 (compatible; MSIE 7.0; Windows NT 6.0)","Windows 10","x86","Internet Explorer"
788,"Mozilla/4.0 (compatible; MSIE 7.0; Windows NT 6.0)","Windows 10","ARM","Internet Explorer"
789,"Mozilla/4.0 (compatible; MSIE 7.0; Windows NT 6.0)","Windows 10","ARM","Internet Explorer"
790,"Mozilla/4.0 (compatible; MSIE 7.0; Windows NT 6.0)","Windows 10","x64","Internet Explorer"
791,"Mozilla/4.0 (compatible; MSIE 7.0; Windows NT 6.0)","Windows 10","ARM","Internet Explorer"
792,"Mozilla/4.0 (compatible; MSIE 7.0; Windows NT 6.0)","Windows 10","x64","Internet Explorer"
793,"Mozilla/4.0 (compatible; MSIE 7.0; Windows NT 6.0)","Windows 10","x86","Internet Explorer"
794,"Mozilla/4.0 (compatible; MSIE 7.0; Windows NT 6.0)","Windows 10","x86","Internet Explorer"
795,"Mozilla/4.0 (compatible; MSIE 7.0; Windows NT 6.0)","Windows 10","x86","Internet Explorer"
796,"Mozilla/4.0 (compatible; MSIE 7.0; Windows NT 6.0)","Windows 10","x86","Internet Explorer"
797,"Mozilla/4.0 (compatible; MSIE 7.0; Windows NT 6.0)","Windows 10","x64","Internet Explorer"
798,"Mozilla/4.0 (compatible; MSIE 7.0; Windows NT 6.0)","Windows 10","x86","Internet Explorer"
799,"Mozilla/4.0 (compatible; MSIE 7.0; Windows NT 6.0)","Windows 10","x64","Internet Explorer"
800,"Mozilla/4.0 (compatible; MSIE 7.0; Windows NT 6.0)","Windows 10","x64","Internet Explorer"
1247,"Mozilla/5.0 (iPhone; U; CPU like Mac OS X)AppleWebKit/420.1 (KHTML like Gecko) Version/3.0 Mobile/4A93Safari/419.3","macOS","x64","Safari"
1248,"Mozilla/5.0 (iPhone; U; CPU like Mac OS X)AppleWebKit/420.1 (KHTML like Gecko) Version/3.0 Mobile/4A93Safari/419.3","macOS","x86","Safari"
1249,"Mozilla/5.0 (iPhone; U; CPU like Mac OS X)AppleWebKit/420.1 (KHTML like Gecko) Version/3.0 Mobile/4A93Safari/419.3","macOS","x64","Safari"
1250,"Mozilla/5.0 (iPhone; U; CPU like Mac OS X)AppleWebKit/420.1 (KHTML like Gecko) Version/3.0 Mobile/4A93Safari/419.3","macOS","x64","Safari"
1251,"Mozilla/5.0 (iPhone; U; CPU like Mac OS X)AppleWebKit/420.1 (KHTML like Gecko) Version/3.0 Mobile/4A93Safari/419.3","macOS","ARM","Safari"
1252,"Mozilla/5.0 (iPhone; U; CPU like Mac OS X)AppleWebKit/420.1 (KHTML like Gecko) Version/3.0 Mobile/4A93Safari/419.3","macOS","ARM","Safari"
1253,"Mozilla/5.0 (iPhone; U; CPU like Mac OS X)AppleWebKit/420.1 (KHTML like Gecko) Version/3.0 Mobile/4A93Safari/419.3","macOS","x64","Safari"
1254,"Mozilla/5.0 (iPhone; U; CPU like Mac OS X)AppleWebKit/420.1 (KHTML like Gecko) Version/3.0 Mobile/4A93Safari/419.3","macOS","x86","Safari"
1255,"Mozilla/5.0 (iPhone; U; CPU like Mac OS X)AppleWebKit/420.1 (KHTML like Gecko) Version/3.0 Mobile/4A93Safari/419.3","macOS","x64","Safari"
1256,"Mozilla/5.0 (iPhone; U; CPU like Mac OS X)AppleWebKit/420.1 (KHTML like Gecko) Version/3.0 Mobile/4A93Safari/419.3","macOS","x86","Safari"
