"pageurl","pagerank","avgduration"
"xsguntxjmrwiefpoekklywvjhfivoyvyganbfrrudiifuyfjhtmnawhjjhihxlanqnwn",33,31
"xsguodjqmqupimsrsgntfkopnfhkkkuyxuxgkuymejglmcwdadlsncqvt",57,11
"xsguoflvrssnxcgyxwrmembwhxpptdndmgffoeolsxljafudsyvdjuwgdokpvjrci",19,34
"xsguolssoaoecmiekilleegxctnhomsabhi",6,20
"xsguoobadevabyancexwvhxrxflmxmuqivbgibiwhxh",23,19
"xsguoqslqguiioulfy",14,37
"xsgupaltacfgguurdciymumoguwgpqdhqckhniecjbjsoyhrufldxyjjt",26,63
"xsgupbpvjjudgaqyr",26,95
"xsgupipqwofrqcpe",31,34
"xsgupjslwxeeyquojubspwccgfioo",21,85
"xsguplabplijqhsbrtyxaqipeapp",28,85
"xsgupolyfmjcduaojbiivjuttypqrqehhulxqdptqhtefthpxufnbfsc",14,91
"xsguptewtuyhmbkbkwvewnchbroyovmjlrcnstikhbjdnhsmstinuqgmtxksdqmujnutvhwuivxgypvynwd",30,85
"xsgupuebdyglbmygjngflqgskjohoaxapynmwxjcsaqjefactbrciuxjvdmgipcetsxxsveftutmlegf",4,56
"xsgupyskcououlhud",20,3
"xsguqiamxbsqrwjylktqtcxwdkklxcdngylhqaokpcqwumsorxvtsdqohymxeaxrakmdawcgtpme",7,77
"xsguqjwqatadfclimqvcuhftrarnmspp",2,88
"xsguqnlkntjoyilfblrmtkilcqmrbmwbkscawovtfbqjqkyrkqctpgeufxvylhaogmunqbrnxhwyskkmua",31,58
"xsguqtrrccgqlxidyjgfnswlfrrvjxemeepwajwnqavworehejuulqgxnxsbuysnmgrcmovwbuufwobvqq",42,47
"xsguquaxaordyweamrkfsehxjkswhtvekimtknadgwefhlsyoydeachtd",14,5
"xsguraostpyvhkxmynnkhwunpbupfioqllmgvijcmbemelmgcm",23,91
"xsgurcvhooxevuavcfumbhnddabwdupsddqymllkykafqmftnjaploihvwyacfikghorni",22,51
"xsgurfmtongipgljagyevenexhfrgyetlesrwemutqpgmcvnhdhckqxc",102,76
"xsgurgvjojnufegpmmvghwruukkwrixqjwdjjxtxqwxrdqrmlifavtbip",6,11
"xsgurhpnvntfnhtqkkidnlsubspl",9,38
"xsgurnfkij",15,60
"xsgurnfkijgwksarwryngshiuglyxmuqfwxvpobngbauddtefdlkfp",2,83
"xsgurnfkijgwksarwryngshiuglyxmuqfwxvpobngbauddtefdlkfpitbcrvinkrkskaowegyicuwpuwpkw",10,40
"xsgurqycikskqgxdldfjewpqunwuomdpxdmvjuaqlmabducfwgoxwnsntgorgyyxjvvisqgmhpqfucfuxai",19,8
"xsgurxjukeyvlfvjpdrkewsmkesq",22,18
"xsgusalmboafvtxofpbpmheqowhdwapncadjokbxdhnpulvv",42,64
"xsgusknckpihmuamh",20,22
"xsgusqgpysprofurnuqyu",20,67
"xsguswbfmdvwxxkxgteewgodftfexmjroebciqgbvlsivpkecjgrhwi",38,68
"xsguswjvtdewrqnktryuacknuelnlqhexnedu",37,78
"xsgutahgjemtnxxwjfqlkbapcwmiovguftardtshtogohgxwupcbuwoisdtkodqutntfujbfnla",22,99
"xsgutchgvqwslfmwjffvvxuxpeppjmayayspsr",5,60
"xsgutfydsbclebfdlhdurep",40,70
"xsgutvhbda",11,86
"xsgutyoyjoqwfwsdflwdimwyibvcvgwqwhtqpkysnwocdpusnulhydgigwyd",5,14
"xsguucgwwgbioctvumjwfffthwwcubbvdckllsxfxfrlrhlvrdweaumkcninjupvufdjixcohsdkwmmxxqlra",17,36
"xsguurexaygctsysmtuhsgleabdxnoyhyompgkhdbabvkrlisblwbtjdvirtlysqng",5,10
"xsguuyviiacybrlctnqtjixakngsalfoalxtovtvjvxkfshkfgom",5,98
"xsguvafocpdssepgsivxuouxiqkftuebpkcletwenoxegomtjovtjwaoilaqfrwnmpsvo",17,23
"xsguvkgqyfclygkiilubutt",16,6
"xsguvkufvjcaxtfouaackihjtygcbnjmnqxcwbvigtwakacptcfxcftjyksukresj",23,8
"xsguvnjxrumuwqfsumyqmrncpsvfllllatctpxggmvwbtoalhwnxqkrdadsmiwslbpjiyexj",5,90
"xsguvueojeypplbdgdrswxnq",95,70
"xsguvwawyqvaeoyoxmybrkpcykoyrlxhaoefquvnmhadouxwkconor",20,44
"xsguwhmsntyxynhwoxsi",31,4
"xsguwobfutprmtheupholekfwsswpamdsmcgivhonbbjauuxvjdxfi",50,94
"xsguwrjvenjklnvcwarborymahrmtktvdqgibtxohlu",53,50
"xsguwwrqooemhuecmuljy",22,9
"xsguxekhqinmgduoetwmualbddvtgmqwbgqxhvqpmhovtrxxomuhhityhcxl",63,28
"xsguxkeyijfekxgtkmwuwcqkvhabwtqtrhwbnactfdrydbuglgyegqfenmcrspybbwhwuhbikcdkyuqg",22,35
"xsguxvygeqthwqcxjaabm",8,37
"xsguxxbtcvqvaqgbgmeqfecdugeio",22,15
"xsguydycechhqlcvepwplhpmtoervoqpirjxrxvhxxvwhakehpbpovjdoqnwdgfwv",3,61
"xsgvacuagqvqhwrepwdtjljh",10,97
"xsgvafarefcvftctevylmondsvvbvwvlgesiwdwlvv",24,80
"xsgvafukddutifmnwxkdwsraosxlhpcsgjyuwphknekrofkvplulbmaaidd",4,12
"xsgvagtjbrwqnnqpqmafjlwalgjhmnkqhcumoapdlymmhiie",4,44
"xsgvahctuawpss",23,10
"xsgvaikgiipkilnkvqdbclkw",89,1
"xsgvbfqtphcmyowwostcedptrtvwlqmlq",10,75
"xsgvbhnwbdrhnmmywfhnnnyitkkvshfknooamoaafappxhmuwemixboswjdhokpwgkhmqmuycmrdaydgh",18,53
"xsgvbhwiihuxypymledixepamrcalyfifddugoyfjdmepsknnpmmfnodqhpoeervlnmuaernvsaui",19,47
"xsgvblqfpjpbvtjiaoyieuffhldihqvkcgquitxpgyikhdjxhcebpbeurhrneuhpfdgoecsosas",14,82
"xsgvbtcscnthnhljsgmnehwgtxrcbgoptsgjqygvhrcgdlkealvfgsvhtrkncwjnrbalwk",13,75
"xsgvbwvsnbftvhdcytrsrcvtttnxfcqognmmchlkqckhbhucfypobsspfcrhgditiwpxsahcuqhpwrv",7,49
"xsgvbwwkjyqovvayycwfllkjq",49,10
"xsgvbyhdkgtmw",17,81
"xsgvcfotwlosjxcaswuqlunxwtlvshxhtauffdvjoqcfgmhgjasreutuwmlgvgdrhkgiwrrtirunirmpkoivui",10,12
"xsgvcgvugcdwwbofwdaygxyydrdtmweijnbohwcwkoxsmexlv",7,10
"xsgvcrewwquaoibnldrx",55,9
"xsgvcwndaqumniqmrnoejuprjno",6,40
"xsgvcwtexbtvrkjkqrduekxwqdqosreyhribgoo",21,37
"xsgvcychykmmhkdrhyieafhskcwxqjeitevljxlglheyrmivltjuatbvbpmhfqi",39,60
"xsgvcyfiqtfwurbokkqceigpiwtflomepledinmokkuflpocqy",6,62
"xsgvdditcoltgxktcpdmhehvegntayawfwbcfgjjpkltsgmqtmoykakkbvda",34,43
"xsgvdjmtsrfxurmyounsgswpqbuwowbmufyltimdynflttgposysvapjreqafsnd",40,23
"xsgvdwxthcetlavpjiqubcnljtqucrlcbrwshmscihasajy",28,59
"xsgvecxcrcilsmddwnbebvdpapsllbbovajbjgqqqnltikouquxhyorwpeatssevljshwiusruvfath",44,7
"xsgvehpbgyojhuc",19,94
"xsgveirwqoeubkkfmpjgppjpvotkgndpqfiacfckyvontlidtdmulieiewqrveadpfupeomofhf",15,27
"xsgvelcdjwanf",16,65
"xsgveltgehmhiifslljcellstagklbbevrcmlfrcjafpgnukgskyoslstdkibgdmfltbmyxut",45,76
"xsgvemfruespmgudeiabggaaiqxhoqwpdjajovswrclrrpbtestqboxdimspcuvfahlpnrvumgoggdnkgtvs",28,69
"xsgvfdutysrvmsmxjnmrntaommwnsnacdgilrfdvpdfqdrkvcciollnst",7,37
"xsgvfdyqccvaetjfcnbgcyarroebnpephprxwgascbjcdaefjelbtjyflnlcsp",59,12
"xsgvfkdcepsvsasugiyugdnligtflrmhcnlstfsbiqjngjxxjksrmsehjbhjfxksijooaqupsb",6,50
"xsgvfnhuvtjrwanikngrpcnbdfxqrjqfdtvauexix",30,78
"xsgvfotvuuboucjsdxhkiehvuiqikopkxspejxxdxrxpkrnmjywgonb",51,14
"xsgvfrjphhxvoqvytnwnnlujhtcfgydlshpfssxjwsonsfbgkvwfcsbctoxltmnmddpwpksxpgya",4,78
"xsgvgbehbidogfcyhjvcofflugupilbcpdwekx",21,30
"xsgvgjcuixxicgqyjuxeapgowriewaomycfihbxptfva",16,64
"xsgvgkmegfhafgfgupxulxhmqqthdomfvaqd",6,70
"xsgvgkumxagappwshslwmjgmqrkhdlxcqircxmcpshhqsmhcpidgxjcpoiifjjawgvupohtjxmicoking",39,43
"xsgvgpxsn",12,46
"xsgvgqhkcvmgelhsykmpgqkkywjgmsgyruhucbknrgqokrirlgswbkrea",23,72
"xsgvgtrgwudpoogatiwdukmwstpeqvlyblldupeabifdacvqogiylpmympmu",5,12
"xsgvgujhkasmcmxdjcmpkaiskduoxitxveqmnojcpcbxtmyygpctakdcsqydadkshdsrln",6,64
"xsgvhbyljoqolqnnvcpwnviuqpirvd",23,43
"xsgvhcixscipitqso",18,90
"xsgvhfwpx",5,13
"xsgvhpsjwmvlggedtlcxdbhhjeorikhx",8,8
"xsgvhsddglxqwbh",16,54
"xsgvhtwpbhjfxrknjvviowwretpupjisyqplfbujboxagedyfpwyhts",3,56
"xsgvigegjyxghsceliegjhlxlrnjdxxomvtdojojjypavtrobofgvyadgosifdgxrbowdrxysduhuel",5,46
"xsgviklmauypkjhcmaonryodhawlieaohqclnsgarbtvn",18,15
"xsgvjhdcmpphxldcnsdyhsndftjbywugtwugdxdcjeoinqmrwdilq",32,98
"xsgvjmgrnnegdcpwyotcvsexqaecwkry",3,92
"xsgvjmoqlbateibwqeatnwwtyitepvrhgknqvcigknapjynplemheknkfsdtat",58,16
"xsgvkafywbhhndiqchkdxlaafvixxhrdulbwtjepyuowepcnftbqmwuhsjqipekgwevteiiaqqtegbkqekhxin",25,16
"xsgvkbyolchoxrkficyehauxjsnt",29,71
"xsgvkchurltfregacgojmdqbydivdxsqsdexoaypdiceegnxnwfrkbdf",17,91
"xsgvkgolhrdfelejcgukabtxpxmiewht",36,93
"xsgvkhivpviggmdbbmyqqmeeqvjbkpqbfchsqnpohuraxtkltspjisxdojcrwyxiksrgyskmdqgnsjbbombljx",24,87
"xsgvkitbnxoadmkrrssgvdumraj",17,35
"xsgvkpdvkgjfpyfgqkfnkiky",27,39
"xsgvksyosqdischydfyesqqqbcecncfurlgmoiepvuuyprmrjiaqtayyywrjm",18,4
"xsgvkuhdismbibdunaptvinbiriutwaxgydgnlfmbaptbwmxaliywguujs",24,80
"xsgvkupnokaacxpkxnohlnwlkatbhgxdoyfhviiapbgtxnmisdr",5,32
"xsgvkwerykqgixttvubjitorxesscyublntoqtqmxctesiwfgbkpmluucokyncnuigxosdmxwakcvuj",13,17
"xsgvkyhyvpepeujgetluktqwebepfinuacnsoqpxneprcgtvpd",4,12
"xsgvlaoxlfjlyopsmsfrcckadthvprgxctlisymurphwlufnumjkpuejej",10,3
"xsgvlbsoppwbedvlveaytruwbdgdb",4,14
"xsgvljlwvefoqlhtppygyyvblkgixhuoodlyrk",26,4
"xsgvlmlsoaownbftocwtppiolcocnv",20,6
"xsgvlnlwlnikcqosfqaywrwyjjjivpnfsynunjwmbfailmmmpcyvgqauvyqhkshkgjwyieohtieh",17,91
"xsgvlompcxhmonnmmjuihnipfxvej",17,52
"xsgvlryilqfbkiipdvrlp",10,65
"xsgvlsqdnjrkupirpxwycursoqpkbrgbhupjinqvqkkrsvjophtwouw",27,27
"xsgvluqstfkvbsjdesejpiyatalpgjxeuaaukk",6,20
"xsgvluwayunuwwdncnufufjdnamforerushibkcjdelabhvfwwyxjdbjsbcturchvyuethvlikmjxfpaejqttyjli",9,47
"xsgvmbisjndcrguaumtwmvcipfmki",13,94
"xsgvmmqqfeuufjdmdweykpgulkqtnbcryauvjivcfmhbsmdjsroedqcdklfmfbahghdooplmthml",14,65
"xsgvmukncdfkpsspwrxlmedotg",6,20
"xsgvnatkgo",25,53
"xsgvnbgybgsptochqnbvpfpxquwrgebm",28,58
"xsgvneytosewqtxjsssdsomfgytijtscoiltactwvdpqucaghcmvwrivtkh",28,37
"xsgvnhvragwb",16,5
"xsgvnklguydwpcbdvctyqfsuiffcrpoylhhivpmrrkawuugniwywjecmdrrxscywblam",6,65
"xsgvnrrpajdebphmhcfrjyqqvitajnwrpbvvieohbhlxy",16,32
"xsgvnxkyngyitwjxsdmomkicrofchmahrhph",3,80
"xsgvoakkftckvjijakgvgfwqsqsetaypfcfnlsqmmifapagejajwdlatkevyuftqqwh",26,34
"xsgvodxgiieywthtqahxixrpuxpnijqmylcixmlmobead",20,5
"xsgvohndkltyg",64,20
"xsgvoinbypuaks",23,10
"xsgvosagbdxsvfcbhqqyxhbotbybtyvioshlsxmc",18,75
"xsgvovyvsinrbxppnvbokjliftcngrbnxtsexftc",22,78
"xsgvoxnedoiicgbvhtoqleirroagebswtfesfwdeanunynedyefdsdgtvvwsyjookmlnkh",11,58
"xsgvpcoijiktrxojtsyocpciarjirnicq",19,81
"xsgvpdctlmndvetwjrhwdkfwcsbrwqxfinefuumegrbnuib",8,4
"xsgvpleclm",17,18
"xsgvpnuxkbueqvpdysvoieiqfqrspasqxielsvvinjxaexsfwtaluwxcnlkunnrjudrsk",42,42
"xsgvpobxbyqqjcljfholhvqexgrffsiujkyuiddmialtmvcsmlykuyaajhudgvujdethiaykxlpapbjdpbq",18,91
"xsgvpojlmjomnlsnfffpycaqcqniyhbofcsixxtpvgludoqanxickkmtntckiubyqpbsrqqgmfiyphk",21,21
"xsgvprcidqcaaafesdlmwcmrmxlybpxuohiqloaqwqvqanyfsstristxuvdvsclqpqabjnly",19,91
"xsgvpurivnsqaoqsodtbnhbagosghjmjysyhwlqvpesqidbcnrdquaxdgixux",4,27
"xsgvpygqhodibiag",6,43
"xsgvpyogwuwcgpbfqsldyyiiabkcsecyplriwbtmxpadnjjalrwhypjktkmwwajjqfmauvmv",7,8
"xsgvqalsnpkdpopkxpbctjamldbbgcmsygwgbykygdftmqhmhwuplmsp",12,30
"xsgvqricijkscjtqjcydhywphux",74,68
"xsgvqukracbpideonceuhbtuesnvnsjlqtgkoinqkrqiqyyfwnolgba",22,88
"xsgvrbblibgrhpyjqndldstbrelyplswgg",20,71
"xsgvrhfvqeuovhiwxhxfee",6,67
"xsgvrqooni",20,3
"xsgvsasimrgpcddpipvaoexowleyncuyanrnslpnlyoygehnerqpvtmdxeydlpylsrlaoheyxfsgqukblevlkmp",25,2
"xsgvsmydceqlpjdyyuaoiswylacuulshrfmepfuxupxantcsgjyewtdvgs",6,52
"xsgvsnnofnmicssuqcdsmkvglhopaturwebfljkfbphfpcwvnteiof",16,65
"xsgvsropsfneujugkocmifjudeapgxegtwwqyltfkrdk",21,20
"xsgvsufgcyibaftxxxcjmbnhovod",38,76
"xsgvswibyugvnqofjjrpoofvgprgdymxsssoimvvjjfyhmgaai",6,46
"xsgvtaemeroavpxsvmmgnovvaha",20,68
"xsgvtcfcyifmmcymhdbtberhgabohnlovrrlhcmlmvmpixmntlodlxiijyeifhulsduhwcnglvkvnb",19,59
"xsgvtcndsfbijcclfulsqnjvnvslsxtsdexysrqo",3,82
"xsgvtfevijrwakby",8,51
"xsgvtmglwdugmhcbpbkaneiydcubbckfwgbe",28,90
"xsgvtqfrthorsauusnhwwfjraqlknqjhujvsnkdrsahpkopuigjkshopbh",7,3
"xsgvtrnfsptyqggfcuascdmmermsinojweyghgxxiltuckyvlroxrdxhkbqogirxv",20,38
"xsgvtsjkuprloffhyiskrbcxriqnvksjpbtlbccwbwlyfhdupd",20,19
"xsgvtuyeytugl",27,25
"xsgvtvxhemqydqmsocujbjhllwwnewspkvljmgpvqjbxhfqp",48,82
"xsgvtxkabftnaugghqwcskocdawaqwmsjrdxgovyqor",22,38
"xsgvtyrrdntq",17,44
"xsgvubwfcwdlawjylcbalvttyxjclhtkaenpbecswgysmmlylxikjqckggrfqfyogojmojnj",24,33
"xsgvugpymcgsyaktjmijmmhvqqwjlspqqltcxvigfwdaxngxdykofwx",17,16
"xsgvujnacikvmbnmivrfvdtfnkhsmbajfcylfkhdubakmkmpvgbqurowwfwvph",16,27
"xsgvumawupwuownqgb",40,42
"xsgvumfdbdmurbqxcmbrve",21,59
"xsgvuvdyqrpndwdktlqsrggbyexvldojdovaotmstgduyxvwduxtkigogghvmnguqwcsimwsjbk",24,64
"xsgvuyeeoyxwhcrwvfxsibyubpuqkpxrlwjqeahisajjfyslkrxwvpfqfskvaihvssc",55,29
"xsgvvbnlpedwrtjxllawmhpyceekolnjoxjakxsoovatfufmothvykyvjbmitbmoypyahjuarxptlalst",27,33
"xsgvvdupcqbnumymlxdlugdkhsggvttxnulrxvaa",24,8
"xsgvvfywxusbesryvvjwswpfpufbjxraclwrhvbpcxq",18,31
"xsgvvhhxfokf",24,36
"xsgvviqxikvmjemirljnsfenhvkfpuwpgixoldfgkxmueemtvmbnyqaccrcswiuxkwcrioldnawgfewwrtqedhn",17,94
"xsgvvjwcprtfdwmvnjveujetauygyxmwbemevvicvewrcunxmelfffbbimigat",20,3
"xsgvvqomjxgjaghlvfnpeuegljvcsmpswfcamsley",35,84
"xsgvvsxnlqhggokwfelrarryihaoosqoaogrluqykpvaggikopvah",5,95
"xsgvwboepvatncmuaobpltyyloepwhqgodxnsxkipviuniyuptfmpnnvulasflfjlfqyhhqufxsaxksimuxejq",11,56
"xsgvwevpfgemfnwgttkihvtitswnjyallhhixrrasmgekmeiofwexiacffrt",21,95
"xsgvwltscblqqpifxrdeyudrjmxcfpwklvnwqhiaamwexlgdtpgrvfkcoyatditwpfceuevilo",7,3
"xsgvwrskvfosrijenagxvoryofduvfiikiloosiuuchqgibcqwpfrtmyvvcj",8,28
"xsgvwvibdukonbovvluyjklydbiraahgymkjaysxedjrmshhhvowxdwiyfycihsjlxpsuty",21,7
"xsgvxbqgqvqntapsrdhvsnioqajvvseaiwvfooebotqdowxxvt",32,68
"xsgvxcghjwnqwjwqcrepwmuqfkapahccvasmooyssqomnkh",19,43
"xsgvxcvoitknxeeyk",12,36
"xsgvxeqblwjyedtjiv",25,13
"xsgvxuvwviebcoklkxseowsvppaakvpiqhfdxhhpnystnrnkqlrcpaoialdbyyrgkctcslkt",6,53
"xsgvxyeodkcfybikwfbedgemhsxogvtmplrhjbllisycastwhrmievfdi",87,49
"xsgvyaetaulmglcpxjdegiuebhdljicqqkc",16,25
"xsgvygafxxtjftajygtvchqoaaqjxlhlgqqhwtqigk",18,50
"xsgvymdwrudqekdrbpwrlrdrynryyoyxqqsbtebcrkdvvnnagnuncahgppxm",21,38
"xsgvyteigmkssx",27,24
"xsgwaasscatdgscapepvufrjhvacr",119,63
"xsgwafxqyeubdndynbgiugofasepgxispxhchbpwcdpvuiadumvtnetllwpqkamypckhjwqgyteltg",30,9
"xsgwajnyhekkavnmcmahyqcvdbvxvxntbrbrcpysaduhlmmswkssjiwcqqicdssvxlorwhwykhuascepuhcuj",12,60
"xsgwaqccayiejkbuyuspvketl",3,61
"xsgwawlsfjlxxjmlxwwnjxhjgryoagvjqicjtvewrrwhwogmpbmhkbsjnflx",30,76
"xsgwaxejolsnfwprlagfpkpmnqernxibddhonjktpwihkittiuselkpeemvkcomekjmcterdlkcpctqdnrh",9,59
"xsgwayjifxrfqjkjnaxvhcfhvsjqlinuhaoaxryjk",3,76
"xsgwbfkfyhg",5,36
"xsgwbfsnjnhyikukwrmejlyvapyckaprpkobgyeybpj",3,54
"xsgwbfsuvqxgshpnoxalrxxubptckfb",31,26
"xsgwbgkghaewnbjqjjcueqqjkpxuvnbml",18,14
"xsgwbjolcjkftcjiottxdv",23,67
"xsgwbpdpunanellrsyooopqbmvdtjsdcpebnyftdsnckwtiivgipwajkjmfunlboycgdajvgneexrkfhsopnhy",10,47
"xsgwbpubexehgdcskxojdnkkwbbofhgoehxrqndbjwfhk",28,87
"xsgwbspmbxchhethssgqgmxcfkxgjvh",17,53
"xsgwbxaehtrulineuypciiimxhfqcpsexkmtbrbrwpx",14,88
"xsgwcfdnhnmimoqnaamtdthjuyhetlvpmrimrpsxjghm",20,50
"xsgwclboqpxdf",8,9
"xsgwcnqggxvnipdlyhhqhcssnwifew",15,60
"xsgwdhetdwwvvqsqqeypmjgwk",7,94
"xsgwdjksddtpsjhpwugstmbncmkmfpaqmavieiqypfsjhktpsqjhdhev",23,44
"xsgwdlstekskodwcfpxpoqqovgxfw",5,37
"xsgwdpvfagbrvtsrxmkhxhbtcivxe",14,79
"xsgwdtvcwhuinuyhbatp",6,85
"xsgwecwejxxlpqidvhkuufvtsrpveylfynhvvahswcaeddcxsffvwdxumckanflbmjlvolivvgnyxdcq",8,42
"xsgwehffgexybycvpmodaqanpljfimmkepqmoijlaguskulibupgpdijgncvceo",15,92
"xsgwemtplwcejicmajgndftoicwgacsphfqne",23,21
"xsgwemwvlvypuwtxsgtcwbkyodkopnrrvtpngnwykye",16,85
"xsgweovfdecfsdichhscekqpqwjbkwkbchgxgwcotxnegekpdrhckxxlebxqayalbalkevvyqkrwnogephxyfp",5,15
"xsgweukufbqtjxtbuaycbwmmuptjwigahogxiofdctyqlcjjoggums",7,7
"xsgwfbjmkxjskthajklpocypderxdbsske",86,92
"xsgwfgikibqhq",25,50
"xsgwfnjycipsjynucgdmwcjggbyyunxknitnawgfcogbyxgpldxdgspjxbehehqktkxlgcjihhi",4,12
"xsgwfqtwnjwkwsqrnehgdqlrvfh",17,40
"xsgwfturwbxvwptjpebtpkdohtdorvwxsalhyjtjwlbqvtqqxwsgkohrh",21,64
"xsgwfyiyeafbbdroskgsfcwlywadibfibkogulxpllmgfpwnhdaldtjksaaspuafwjxgh",29,2
"xsgwgcctcoisvwtxpdfiwvtkdxpnpijcgjwhrff",18,80
"xsgwgdvumvicvdnalpumohhnoavfbdmmqrxghgeuobriaiwacbv",14,17
"xsgwgebthucavodljkscveamctqkagqrmeeedhntqdvduohbfnqxsuolr",10,98
"xsgwgfunrlemterkkxdwoalbmlqythmnmwkiobhmytagfhnqwjvipkrupojwvonjroratqrdrucypgokevolerl",23,84
"xsgwggirpdiahstncvnwkrygjvksgmhmahasjrcqhsignibilolhkittkp",29,81
"xsgwggleswsqlfrhtebmlpxuyetmvaeeyipcbxskbqj",23,60
"xsgwgnjxhkcldpxbckivthhiqockthwpawklsewgblpukybhoujwrxybnrvhkvfgmiesmwebdy",24,84
"xsgwgqejkpwywtlfpuhuujqmcmxgygmp",30,33
"xsgwgtdemkkmvxvuv",19,41
"xsgwgyyopbdplmimtwvladrexwxkdbskdcpwhrfsysuevlxwmsqfcbsta",24,60
"xsgwhdjnmjtxnvmykrrcoiwwikfacvcuagtvnhprglwuypvjmefidqqrysyyrbblydqmrssduvpfiqhn",57,59
"xsgwhgqepuonmdmyjyoywmxqwudwnnxqkeuu",71,68
"xsgwhwuuqnsucxcktvfbydbmkdkqefettjkh",16,58
"xsgwhygmxx",17,36
"xsgwibyqsnatwsugwahiasmgbhehoesqxsvxakqxkeijrqescoicqgegmgbf",37,36
"xsgwipovagotuwpeegxuqfnsnswdnotlopls",36,59
"xsgwiryaafqhgcqyjmnbhmxcquklsfroqjhmbqateiqaepeqyyuhudnqik",9,66
"xsgwitymeyntusagjxvuwf",25,99
"xsgwjbluxvfrdrgdjpjwmtuiwqybsnbiebeyqmxxjslnurlbmckwmcrosrhisjswhcsonyarqqlw",51,12
"xsgwjeouehdyeuepmotbsrlkmkwxymdgokwllnpddsbyaofeenhemymduiavmoinspagexv",12,10
"xsgwjfiexajtbwixyvnxgdsytkhipnovofwdgaafactqvbyvvwrchalmojkfdav",5,77
"xsgwjmncmvcpcucdsqctvvfnfofxfnwkbfwqy",25,44
"xsgwjncpmktfxbjhjcsejjuhqpixuueiidfpdspgud",4,82
"xsgwjowmhuhygafultsfexvvjdpncrxcqkolgmrhpgfkshjyiincwhpaygadfsigreqxsrahkbjnpxexuc",9,60
"xsgwkdtldmbjlolmuiyrixevpqyfkpfsutjcoxumnxufoctnyy",6,63
"xsgwklkwbojtfxgfqgjuyjfbcplginwuqsxnqeykfrmydnkqtcsnpdovlonahoow",8,99
"xsgwlmoljddpxgqcpshexgirijtxmgvsbnmdvujxsvqtwjqnfvnwgqmeqwpxwprfnopwutrdnmmqgtlncdcrgp",5,16
"xsgwlnonsqskjgvbringusxoyuqgnhboljrgjjjkugqsqlbttacbiqtntjjjsrjnjnnhtqnbg",20,40
"xsgwlvkiykvyqgmyejw",16,31
"xsgwmciiltwkxcxxybgvtxjxxftxuxdfwyfprljnvdchxetshdxclyvdl",29,97
"xsgwmhayivedroiwpbwwvewtqklwdagymikvvjreauimuhtdghxfhekapqng",19,48
"xsgwmmimgadptf",14,45
"xsgwmoyhfrlqbchweidpguxhedsknmrsmepdjognqdsi",8,89
"xsgwmsgnruogdjxyaqruonroangbgiiveucwvmyt",6,5
"xsgwmxdobfemvkcdistbpwlvbycbxfjgwtrnyweenwtmnvkjahxelvpqxvlmimiusnpemywdjbnc",20,29
"xsgwmxelfjvxuejactodqxhahxtnxaoxocravpfkbgwfeavmqdvrgsxtokughhunvyo",39,99
"xsgwngawfhykjkcaqeuvlmemelyigbbkqtosheqwukcgytgkunaojrsvgeybrmpdwnteq",18,47
"xsgwnjcucwxyxtcpsbvqylcgalecqvyelbkyjpikqxgntuvulrifpeoxcwlewqjpomeqhshnrnfylfie",29,1
"xsgwnqxfiaisfcwtysgekjerrifdfvypvaaycu",28,22
"xsgwnuvxctxivscgr",36,12
"xsgwobfrivacguf",21,83
"xsgwobkvoawkqghnhlvatkfpwpaxmkjjdfnvqgjrbanqjgiagqvhhpapatwgmbwjodotfdjqqrpomuw",25,65
"xsgwoefyipppfcciqeldmbngaoqlkhnyljwnqsqewuxbkbkpclttw",5,99
"xsgwoehjgqjifperixpbnkeeqmllqbyskqftvgufjowmxbeafgmyldrewctcpqgotrbm",12,92
"xsgwpasfbwgnunmacsxvmlsurhfubaolmphmldggfiibwaomqegwrryhpiojesgxcahqmiorcvsgroydcxigdw",7,65
"xsgwpbfqihtfsdkniyheurnbtsjvrjcggi",19,83
"xsgwpfkqmedkcgeoravhtmarrf",37,94
"xsgwphcookslfjywarjjrhcmlxd",18,52
"xsgwphpxjpmmoafivjfuxdinjhejvbeetbraleljjodghddhqcxxuocadroymefxbhfdlndymgcmkfx",4,69
"xsgwpntclwgatnysssradrccyqavtfwhrm",11,71
"xsgwqdxhwgycaxywiqkwrvnifucqrhkdiufomirdcdkamqbldpdluypgofrrf",10,88
"xsgwqjtmtoarcdeefyeihwqkotmoe",49,79
"xsgwqkubndwpeyyrgteylxgnfcjwodfvcsdkadfjqouihpyxfcibjatfguvoobnuspgvelibe",26,76
"xsgwqmywtqnegypteoctupayditbuubrrmrkpgjjmbyfdndtvfbcamxiglxy",6,95
"xsgwqndxjtfbppyjrprxidbrdllsaagpxthqntaedq",21,12
"xsgwqntcgx",18,84
"xsgwqoesdtrerftgjofqsrffp",4,3
"xsgwqoqvgwwdwmwjkr",6,34
"xsgwqvvgjjuqkvpapmesmixdeqvrkstgsdykpevoblpgoifqvowwuqphqlfddrgyychplinv",7,67
"xsgwrbgmpbihekmfceb",30,85
"xsgwrgvjnebdaoynulcbwlachimnekctfw",18,2
"xsgwrjrgftiooclgnxnnjtkjujog",32,20
"xsgwrlgnbvcnheilksojhgtyunrcsemfyfyyrcvmixnxjrgafpfnlrhingpaxsynvemgljjwgaktvctfufu",17,27
"xsgwrmypgwouawbucikjhrvrecqs",26,30
"xsgwromrhsncecppneyldsmpogjyfxxfesmoimninkaquymrppspnejdkljserqiiagnjelwxgiqwichryhqhs",23,43
"xsgwrrvxkeltxsqtihybpicfyaggmbjyxpjfgsavkckddjtlkkqdyvoglwccw",24,6
"xsgwruegqssudqxsqsksg",35,76
"xsgwsavrbesxdwggweswueudgbickxvwoeugkxs",30,60
"xsgwsetowacxoewcdflckrmoheumwjcvdrewaftukuviyiffgublpgocvgspoiqqaopcacoqpohijbbontv",15,50
"xsgwsevgbvpwmnkieypvfbprwpbvmvgiphppsgr",15,55
"xsgwsgjhcffccvvenhgbpfvdubfhcxikscgutpj",32,8
"xsgwsnkejqcdkbspditxwwpummvhpopsvhtmegbnmrripecukcemsokpqrielvrxttxkixhufkhh",4,34
"xsgwsoebijmgabfwfpbghywblsbdbltfnpc",8,15
"xsgwsyotkfcypqtvkhhfgt",19,78
"xsgwtalhiprevxbhhwocutyxtbbcjotskjxdqbmnongoarecfmneuabq",20,93
"xsgwtdkrpoqnyuyxkuwjidchkfwxbmjfjlstwkjmjbjamynsnlvsuuarfdeslueqolwskalvdveaeks",24,33
"xsgwtdqikhxveymikivcjhwrvbacwnvhrwyyatkjjxekbdtfceinrhbr",22,36
"xsgwtvtjoybqwjeisalncjfatcggimfggvmmyrphupkwcodpsmudiucoji",19,19
"xsgwuicivpjcbhjwbjeneduegwo",23,37
"xsgwukbbgkpmnnqqvnjqwfbobkjexuuujraexwhnnvlbmhcbkmvtqvre",17,11
"xsgwusyplmperkupbovhrxufhylcmblrjfnaljoxkdqgitscavhmkq",8,54
"xsgwuxpxuxykcobldbrssruhtnceeotlktuhypx",62,81
"xsgwvaslwamdqhuwovnejc",15,68
"xsgwvkeh",10,33
"xsgwvnidgebwnqucxolkrmmquvrqngjanbpqicfkeyguwgvjdnfsiqqchqjyeiufvqqygddroybolgn",6,80
"xsgwvpvrnpywdydcgykdbobyrnvrewboyavhgfhvgibutsjqiqjxaxbc",18,35
"xsgwvrnlcqabecbiiphidlrlgtpjvyinsauvmoouhae",36,34
"xsgwvyxbkgmdnhqsfjkfbfstosniqbgixtvvcmrxbloeekipwrmuaqxsgrolicwuejdulqyohipxajlleec",11,11
"xsgwvyysayxjfjypysfhjxmapivupdlhlprqxfolinpttgteysnx",56,77
"xsgwwbfwagubtavjghyixrjqmoopkmkyfioajvui",8,38
"xsgwwcfwucyyavwervxeplcmonmatfjhxqslreguiov",26,79
"xsgwwcgedplibqtvbdkfxcqusvjlyl",7,1
"xsgwwfokpbqyeuqqqbllnnhsmgqmnlltqleyc",22,62
"xsgwwlqeemjdyaytotuehguheqsblwjmfyusnhygjkvcdiq",15,67
"xsgwwmtxvdpererbnryfosrteyqhajyishmobsxhqngaoxqtjgqoxpqijwovyn",13,34
"xsgwwwvxalkqocgqlnfcoyxcmopwoawtyrtlhbxqwvhidvvjuscwmwhdyqlpkvlrphahmfiuoftdffabfo",43,44
"xsgwwyyaochgujijgqybkoupwvkbmqeeuqlqhygaoyrhecyypxkcxvvmvcurtjxuvsfqwnrunowduucjctc",7,34
"xsgwxkeqohufxvdvrveyjlssfxlogwlwpjxsgusqmodqien",22,18
"xsgwxxwgdagagfxwjccgb",25,88
"xsgwyfpgdcmonsolohkgbpdnvcwvxotprefosonmdyiyhdeikaopsrhvnmkqcsaopoyaglfbhifbdq",17,99
"xsgwyiudhphjfwxwtmhhroxgarymnpdn",4,22
"xsgwyodmgdmxfbdgxierqaupinqlktpuiifpslpiokudpqwpqkaifwpwmclomu",7,9
"xsgwyqhbrkbioiwxetifnyjaplvbtfwswlwydmenmb",3,95
"xsgwywauoygbixwbxujymvpbjhqkrwxflhsfixdmpu",29,97
"xsgwywsuqjknkakthflmxauhxybwgnnbkinaaerbstujyqweurcaxvpvrnugquieumcdmf",28,94
"xsgwyxwfcapgyxwxounkprduqwuinshejsse",17,19
"xsgxahvrgntnwnjsxtktkpkxpataatrkpdkx",73,16
"xsgxarrvudwtkwxjbqbmonackihwphhnaxgexrhdsgddjupxxhbeahfbvcucdgjmkugesfewsvs",13,78
"xsgxatmjeb",4,30
"xsgxaulerojlgykctbyycouvuuaehlpkwbxocuhaeecvqml",14,26
"xsgxbiqhuhgycicsncjucrjjifnviyslhmgupchuoopfmujwrypiionficccetlwgjhsrufalgbhshrm",12,29
"xsgxblxmpxncydxodouauynqni",23,17
"xsgxbmesaairnxrhryqvmbtalcsjxenaqywhhivjxtflea",49,89
"xsgxbovnuyecwrenybuvvqdimbjxrhjrlsh",19,45
"xsgxbutwavipoyaxbikesgpjspexavlhtaiumk",23,14
"xsgxbxxivqgfsbfvnlbsnektkxkeravhgusujglppcbqrilpdbjfhwgugvmesrgjlqpwvucrawfxo",20,15
"xsgxbyunuwmpcdmaoglxypfdshuyulwoxkkmprabmivmiviqnhkuhwjbpv",6,34
"xsgxcjbrwgxxxudixsekrqfmmgstfrkgslcimgjxqeifkkxtugeirdutpiprrccdwmrduaialrywkdwsamyou",35,33
"xsgxcknmehwhqupdhxjxcfhsrfdjloxxebdilbmcomueikiuuduaiacvuilqihyffstccgehv",28,92
"xsgxcnrojnknragdwhhqnugvamgujduhlgjawtipp",5,67
"xsgxctknnnwoeiass",3,1
"xsgxcutshptmmrotupfbchawnbnunowjsfuhwscvmibr",19,61
"xsgxcvkyapnkkqsgqxfujlwkljcmwycqcollxfavgtwsbnsqxpifpronlyqduiorjgqkxlt",4,18
"xsgxddqxutomlkuivcueqxpcfkduhuqyqblkykqiuppspibicndjhf",22,7
"xsgxdhnlvlllylrxpbmqxxgqtjblwmsahouciksndovvgeriskmeefgxphlijyreop",6,61
"xsgxdjjsmymmxeenolreckwrfwfpusuciyecfyacrhbscfpku",22,66
"xsgxdkwygjowfqyqooccwyxohapmukxatawxnaqxlr",7,75
"xsgxdurejqugvcnffrhygjevsjrxqbcricowvbmsswruwrglicvwvuhfxoupsiqnlalbjkhastwqobynmi",21,7
"xsgxdwcuhbnraygamkgomqrxgbxvmpwudnexlwljpirqwtgornvelmgrfxvxo",22,68
"xsgxeakrytavnpaihaiptaoguowwvappdmbcqofydxpaktblhlqqnxlarkkesukpfyjpffgtl",15,4
"xsgxeihsktuvlievckagkhavknobdbrgksabiiusxsomlvemsosoxchbnfyovim",6,7
"xsgxesrkvfqpbmnictsnfawdfj",18,85
"xsgxeucvcamyprdqbqinjhpvaxrrldncwjyqlrapddttrxbmsfotbjmvukygmcqjwyklrxugqirhtdh",39,17
"xsgxfafyjrlabca",7,34
"xsgxfbujoirspjcmoplymdycnio",19,9
"xsgxfhpkolbpkdijiqlhladaipdcifjyuehpwerpuooqryosjlkiacjtceruysqpmguemvbedfjdtkjjm",6,93
"xsgxfiyvtpmbseuggllyajmwpbhsbbdvjpblxpqoewhsjiisbvreikpvavfhbafarpyygfvwtlikb",7,47
"xsgxfldqqfxkvdntgwwxkbxvlbtxkyjwi",6,86
"xsgxfnxcuoixdsfojtqgbitfdsdbbdqhamjtyvtcppmquceykbojxdvdukvwacjermiwxx",29,35
"xsgxfrdkpewbvhdykkoudu",47,10
"xsgxfswhdgoytwykoexdvtfmpkghwwoxpgipe",17,70
"xsgxftrwgma",5,23
"xsgxghmlpertrrdoylixnsvmuwdoanqirbphvmqrniyyxoiyatfgeuudmpvqkeeffybfdbihoycapsnmnemi",3,7
"xsgxgibseytuucenwywbvqrkurwqqbyirxrbeugpnhieiinsvybpvojmj",10,55
"xsgxgtuddmrexsiuqajneqpermfjqhbexdrlvjhunuahcjrpbjjmutmjrlbsqbknsjmpxvwll",24,91
"xsgxhbajqtfrkxwulqa",25,26
"xsgxhgymoxvkxy",4,43
"xsgxhlbgnvhscqswcwtdtcvqhnkvtvqhdiklteaassuqgwprxhbsphwstcrfnituyoxegf",26,16
"xsgxhngptoucwteconbsximwuxtiiighjmjvcehkcmkryf",46,68
"xsgxhofvvmamtauyfsweqdsfhnammhoqjwptyrjlirniwqxwikjyokoxyvwty",24,96
"xsgxhowuegkfs",19,20
"xsgxhpwntwdxaueoiedyodaawjbwfeotarixsripexufshirxcsmkqhoet",22,36
"xsgxhrhjhsrlwpcxoegpctefgcltihbpxxfkgeqrsaclaschxjgyglckcs",8,46
"xsgxieuuqumqaktxibuuuwggipstymmxuhpiyym",19,92
"xsgxilexunigitysgilrpyyporsvhevgxguptmfjpfxjyeffugnqnlsxpbuupyvjjonyindjlgjjiwvopmdlj",23,18
"xsgximxwtrvpdfafaumklgmjpdfjvujnyufyctgyvgmswfkseccxgfdjoif",10,74
"xsgxipygyivxibhp",6,39
"xsgxitmaacejvdpiprppkwpefq",24,80
"xsgxjaknyltttictryxkciionduusqbyxqwtqmvjvkrtvoyijswfyjampymsyjqfkyevhetisrumbxawwjjh",5,81
"xsgxjbrferdduonahxqcqstg",19,64
"xsgxjcpejweesseiyfxblxipdnmhgjfshejahgsvlxdmsbf",19,83
"xsgxjfegamtmdqnkmvxifyi",22,37
"xsgxjhvmpmxgaihtxmychauauiqccknkqogialkxwdhavttmonsuhnrdasajvttefchjitxvkn",21,98
"xsgxjnkchlsgotveweexmqlfxcojnhimqyhnso",17,10
"xsgxjocufiioofhxswnourilmob",6,48
"xsgxjvxskfadgniyadtrhraacbtxkmiucfdefpvshmmqbvyfpg",17,9
"xsgxknfnfckqusvflkcbqyfynihypkjlyafwbiovmqvlvadsgsjitqsxfkcrjqqergiuqcxceqtn",22,7
"xsgxkvnonmtmlnkxddqxvxefahfiwgtlpbjeufvkggknmsjihgcpfbysovkupgjmhlnojbovjp",21,93
"xsgxkyscjnxdgtddnviw",39,38
"xsgxlfhpsfvcixnhitrysqnivpdstbwnk",20,11
"xsgxlgtvkgangqrowikeqmdinvofrngdxgcgfafujplcesqobcmnq",19,70
"xsgxliihlxogmsmeclhmdq",25,93
"xsgxllujgosrrmwtxmmywlniyrilnyynkhnyfpkwgcykypmhpjdyxqlgqdwofnfquveqffvyolpqb",10,82
"xsgxlrbudiluulkdgxugtgvqb",32,73
"xsgxlrsringhqkscdgbbsvecpvmf",5,18
"xsgxlttxvnnjgfnoglwsflmuvnrpnrsnmkgiujxlysiqqnjt",4,98
"xsgxmbxacnruemmyaxpklkh",7,8
"xsgxmcsciopjqtjvfmfxnlrobjvbnfohgngqojdxjumnnwsclmjixsrtsfq",13,58
"xsgxmflxukmiifgndwcypsnu",2,95
"xsgxmgcewedx",3,25
"xsgxmnsiphlvyrbkdukdnlckegrcqwicjaqqkywgerypmmrnhqoxv",60,33
"xsgxmqasgrthnxsdexpdpuhqrepjdbcagwlfkdjtlgpeswynwjblknwtvuxlygmunmvusuubesisryiyoqsr",28,57
"xsgxmqdesqbtarspdalojfxgjclilchlpvagivkerptoasdlutei",6,6
"xsgxmyvcqyixkudtayllmcywiitlfntqtukpnofreuviwvhhkhfodlcxhvsipdtkhsuyrfyuahmckrnlcif",13,91
"xsgxnbajvvtpveceoypmhuldweotuiscinumuuqxwbjpylulghxvcpqmnytqxjuptcmsufvh",5,30
"xsgxnheyp",15,34
"xsgxnhfwiaasktaydpgdfeegdvkrsootsvfbwlipysaiowupycftbtcwkhiwssspgrq",22,29
"xsgxnhgmoibdcdgyklnkfgyajiour",9,10
"xsgxnhkkgadryvopcuacqsmqmneojrgnmngtdhpviufixmdgy",27,19
"xsgxnhnvlipllgsvbeltfhavjnonkcfvaklcvafpulpkrcapehljcwxhrpobjd",17,44
"xsgxnintaogbjbqgysqgmojjxpervvwvtlvihuihccdxbxdjpniqjnpwaprkntqnnxuyaarvaxwmxymvft",13,12
"xsgxnlyqcogifoeyanpagvelvjcushivnvojrgsq",17,50
"xsgxnnucwohuhgojatfr",14,25
"xsgxnomsobprwpumxnxqlaqxnluhtmqicclmmaajjgbyiw",24,1
"xsgxnsmquydvaecjqphnhjbjfyfmpicbxyqkhjibywkwljftjqnxhopyvbxecodgsbhvfnitkskwwbrnbvqd",11,51
"xsgxnyvouaxngmnspqtdfqlmklsedefdwycagnqatpqrgaeftbujrlpmvsfwhksiyjucumvkr",27,65
"xsgxocfynvbxgvneijbwirsutultangniprgdmqxem",5,20
"xsgxomnydedvutxpdhxebchtrt",8,50
"xsgxopepeodkrrdjfdkoajoddyyhfejyowyglbpscskjpydlami",18,49
"xsgxopwujuvvhbwoboorghupthlodgm",28,59
"xsgxorjqddwdgyyuagvxyqdjwbheqtikxfrtwsbvuhrxgpimskolytulfvrvebvmvavjrpwjsdhpwjsj",16,14
"xsgxosimpryxmnpvuwioangiqqfxqukafppkahdfbjhyuutxywspeqphsrmackfbfqqjhdowknpea",14,85
"xsgxouhtcptcombacyxpedscjd",16,79
"xsgxowwtcryvkgljtdfoltkomftgpkhefpxvljinxytxbenqukpsykcosomlmgpuhercekjohdyqidax",5,25
"xsgxparxxwlbqbob",14,51
"xsgxpbclsqfujhygwngrxvmkrsglbemioqotedhrrvowrgphitchjmggmiabedtlpsdsfhodchmkyndkuvrcfrhi",14,95
"xsgxpbxqwouulhecpganrxqrkqgiqxudvqrfvsdasnabueyaqfjklkentbwypemopcrjlplliwknrdow",8,5
"xsgxpdjiacxho",16,13
"xsgxphspciauktbusbdymssgtibryqkvlxbeafrcwnfedgesltnpfvgcrnpsyixsdkkl",103,96
"xsgxplnexygsjhvrcqvcalbbgvkptxiuuvb",19,86
"xsgxqaqlpjkiipcv",4,48
"xsgxqlmuklfevrahatmpnigvppjkekfjpuugomtvhkxkrouttuuxcsjtvxht",23,42
"xsgxqpaajebjbwiugy",13,98
"xsgxqupevyuurnpovwlwhlwtwbxlrwhgfycawixhwoqgushuwyovjsv",36,57
"xsgxrhmteqoittajplhjalmnse",18,47
"xsgxriakfyamnvgsnucqksfxpilqqqrbrobesbwlytblxemwnghlhjijohqttljutf",26,81
"xsgxrrnclcrineliuaubfceafghekqevayqflrxphvrrblwsisqtnwf",10,96
"xsgxrvwjvscfvkao",28,23
"xsgxrxbllioevvexgjvlmwstwccwwhrpbtlhsqacwekdl",19,84
"xsgxsakhndratgfdivyjiqy",5,44
"xsgxsfknynasamsvgxljefaagfcuulutjiyorgmutxwkmeqwqoywitohskwndeaeyoatgnpmdvaaabrnl",26,65
"xsgxsiuiiklxcbgructqrxvxdgi",8,12
"xsgxslhkjkdarbfpwlcakcafqgbetjqoblfjplylfjcjmnedbwgmlvq",10,66
"xsgxststjcoemlehbeeebhacmctyci",16,85
"xsgxtabftlybsugoeywilpxbdvmqvjwgoopqydxj",15,90
"xsgxtlwofhvadvjcpuihiqeqoeovuui",18,72
"xsgxtrltsbwbnoyaqsyagpwbbmeru",31,57
"xsgxttlmamtkakfalbbwrhrjpjkvmqnucvvocasqqomyhlmqykbhoygigqtfkaivijfgnxtgvolh",20,68
"xsgxtxiyqtmhitjeijlrxilyymkexdtshjbjudfxleytmaosxatvrlixx",144,36
"xsgxtxsidiettlrgukircoqjdebrhgwmtgnumauquyxixbhixkgbnbgidffcstnf",14,84
"xsgxtyelsghrpnpcrqgpmjxhqefagqopuwgsbhkqywckobbwvhhaylileum",8,22
"xsgxubsxsjiatft",24,69
"xsgxudbcwregoouvlrsgwjalppndjddfhuxa",4,37
"xsgxujdmvgbsstvjurcmeodwdywcekrifrglxnrrrpntkmimgtsdffnxwxirkojulmpqoqbsmxoqppn",19,59
"xsgxumxvfjnanyujvfacjwtltiyeerfwycgpbyjdltbfakfjeefupneipphloa",21,33
"xsgxurotqccfbxxdqbvrbhhuihjmarvwcnmpdtbwcrcxfeolwclwkp",22,25
"xsgxusesoweywcpcjpr",21,47
"xsgxvcnmnheocvcsbluwqfcwhobadxuqdtjwqqmjneetidxmaqugsxqqhbrivxfdhoyime",10,12
"xsgxvdhjmmdoakcptrrakpovwonpfmpmfrthmjsbnuluechvuotftqmacyxbxtlkwartufjeaguukkhiaewsypwx",26,37
"xsgxvhhcyrnkspyjtmgxhcydjircknkqskvyhwgvojubiuvfpnfn",27,22
"xsgxvhmlbnryqhrkodycykcharxktyhxwjnlwapsexivnpbyvuawevbdcrfvptfob",12,62
"xsgxvkxulcwbskbjggyyxtwsigdlyholkuoisubgpaqqifsvmijthxrocyypabnxglsnpakvotv",17,24
"xsgxvkyfuwuftspedrdgmtxxbjuksguyltulqegelnmlhthtkatdpgwlkwopc",23,99
"xsgxvmvvefkotduxhabfgybcoejjyirkglfvxtexikytkjqpgiylrlynuyaifxwniprhndb",47,33
"xsgxwhsxdtegfmhuwmrinxtmae",37,48
"xsgxwonwfoflitkmakcypusvlvy",26,38
"xsgxwrbmythpoectbggvyxqxvfdrqsceaywekgvhcjbepkyimenvhenuybsicocijbrdobdcfqoobfquknl",14,32
"xsgxwxotnkbcuxjuuptdlptkfa",24,36
"xsgxxebcrmfvowrtxrbrafbpwxdfgtgvmppdyjmcfb",26,46
"xsgxxlnpmkmmtdsgfhsterfhqngkbpddwufhkoyemyqhxcxkfkemlulljhrvpaysvrosclgux",37,43
"xsgxxlqgqggephmhljrtjvjpgur",17,44
"xsgxxnkdumymcgsdkvghcstttmowmhgrlmqgamainprsnscinsupdmay",35,48
"xsgxxnmmtflueowebmdnxswdoodrvddeybddymptdpierncdsiadcqmgfplvrxajpjsctekhrrgrggm",7,42
"xsgxxpqrqqhvjntujlfatus",10,45
"xsgxxrwfcuvsjkydfngmsyo",12,62
"xsgxxtavgfveptfwnojitfjipsxyuocmkgjdaqyypixfgiehfytugmsyfnbupxxtdidydolfiglltggmsikil",8,24
"xsgxxuvefwhmttjvuernspjhupsoytbxwb",21,75
"xsgxxvedssduicdgacdukgrmfeqaqfdeohqwbjybnysfcioalxaoyxw",13,40
"xsgxxwghnfyumlnglmncrlbnfwyjugahvbphvbxahxhvce",23,13
"xsgxxwtvtgiikusgdjsbsjeyjnenwqddlaosmhmjdnjfqabgetm",34,44
"xsgxxyfildvubj",9,96
"xsgxxykpslnfrbgwyqbnsrjgwogsctjlojapxnpatcgvvnxexirvcv",3,35
"xsgxyboiaipncxvmgpwoadmqpylxbfoqlaphppkaxdjtmkwufe",22,36
"xsgxydjpeumpcygcqbkvqxruvtptfegjgumxiegvusfjseiuonmwpuccwwtjtyl",39,60
"xsgxyvqfrhuleb",7,69
"xsgxyxlfkdecnvnlrosdnedlogfopemiuqhitxschtuphfmhbqisyuuhldauxnlnxtscqpmfahcoc",23,2
"xsgyasqdltuanhwlvbtsnqrbckhxfaafpkevxtkbsxjhiliscsalyjjndsgiobyyepajyvt",36,85
"xsgybccfbsyqveurnyjsxsppvhcxju",29,87
"xsgybgcqoxivnoifsmka",17,90
"xsgybhutwrwarnjqguutsikdhxp",4,42
"xsgybnjsgukhptyynsnoguuksepdtafvpnmadnqjrkauqdfoqubtytxofhhhdljgiovlldiwdwfgois",23,84
"xsgybphsmgppig",7,35
"xsgybrexjsspuvddrlwamdgwvinykqvdemhwijrnwkiqxahpeqwsqc",4,75
"xsgycafefhvgcluqpokeqjuhvvcapimwibuysxfqjjsjlqgyoaynkem",7,18
"xsgycegaambqrvbbviebfwitqayhccelxdmbh",11,23
"xsgycjgohvcalgeqobavdmdvtlbxndnsuwosochrnhcqaojkefgohibkf",7,23
"xsgycmugxbvyxedmtvsunmnhxovpiywkto",6,43
"xsgycohpyraqkdejayygxrvenwvxsqwkipsqebunptpi",6,7
"xsgycohpyraqkdejayygxrvenwvxsqwkipsqebunptpidelgugmfvsnujsusfnvgrgcxchqyblym",10,69
"xsgydbrsqmqpatdmitdekunmsxmqliydyugxuuggnaedfsngqpjqidmyxbrafhfdfmisoksyngluk",12,31
"xsgydjjrtsoppmdlswgmgxybkoqoemjqteiocqvbaveeshsunsccwflotkhomvhhwwg",15,53
"xsgydlwvhckbodehmiaclwxixfxlmdstrllifgyfopuajwpwnvbutda",1,24
"xsgydqhtdlytaqxtq",28,13
"xsgydxjcteybfbicb",26,20
"xsgydxswblpwiw",18,78
"xsgyenrraafruioteurxivcyhbykfliiorrhxetnidqpuxnmsuoqdhkx",7,75
"xsgyerjeqsccnukv",12,51
"xsgyfamabwcddtswrdikfpulxeyjyurdwotgelkuitaydgmb",57,35
"xsgyfbdpkhdsytojouxvpbwmflfvifitmrbytscvyhjhqyunuljgtfyeaqqyxdpkxuiwencvbcofsovmhhys",9,55
"xsgyfcvfqenmuctowwnkxxosbq",4,22
"xsgyfeworxaefxrrxqacijfiagufpqxemuhjxaabfrxfqhyt",4,66
"xsgyfgjmnpnlriwmdmppr",15,20
"xsgyflhkkhmfakwpuolvkfhoyismuuswxbldlwbijepbyndrsiyugbytlwuafjbmmqetkrdyakcs",21,40
"xsgyfperktjnuteboymcrimkwmobsnlgxrgclrbsmengagovfvbmmqdrruhurtndubylwi",7,9
"xsgyfpuioogebstnmjcalhssmwbklomphxmxngwqwqcuftxmxlugkmok",16,85
"xsgyfrxinbuigmmevnmvyhnvdutcekpanohhcoiotcsgyqalrtgeydqlxhkicyoyjddiooh",16,73
"xsgyfspqbvqcpavtttnmkfxrecnvrsloqeajmexow",36,97
"xsgyfyshbyhfvgsfkyjpjouhs",33,75
"xsgygivfefmhwahunrqqnikixhonvmauxtv",28,84
"xsgygjamsiduswwkvmrlj",9,43
"xsgygkoqmhbffxfrqvdobwnolugfparrtscwkdmqlmeailkroyewoyvodkbswbuivk",21,82
"xsgygrnrxnflofqmpd",9,64
"xsgygrsfnyhxmwmdhkcptllscbhjxqlmlpeprvektdrgmwkhshxvxrnfmdmdtyhqakifdqth",21,1
"xsgyhbgfrtlumqbvucbbhspnlnxrrvrjibrjpcy",6,10
"xsgyhduohjjftljuyqu",25,32
"xsgyheeaimeqyxrbckyeesoxqsbwywkskmfpnwwithgmgmgsdfrtlchatrcc",19,20
"xsgyhexwaefjajhlvvigkxmowpdxbeandbhwpijppaxxvenpnemtyrnmdwmth",32,9
"xsgyhscylhydndntqnrvbkf",38,3
"xsgyhteugtfantgabxudidjqrbafienldymwycmaqovavrkxetemlpwukqypyyh",8,72
"xsgyhtvepvopcrtwqrmjnbxodrcfkmadllbnswoccagrqgiejvbwev",5,65
"xsgyhxdtaivnnedy",17,51
"xsgyifqfqjljitky",4,55
"xsgyijnlvbrpytfykvuibuxlmykgaiskrgujnqyssxqcwjbhkjoyeecmiqgvclwgjdsesotqmneskqljvgjk",18,60
"xsgyityinowhguuikugeylmqnoiosilkfvrqrtopyhfpcbhmveoabueqqenkkldayakljykbbyssfdfwqkexv",8,30
"xsgyivuveveredaapjqwvmhtsh",26,29
"xsgyixtltrdeaflwxfrknsroiccyflsnyrvcohjxvpdvgdvrjlitkqjbyuthngibq",39,57
"xsgyjcafbaqydbpuvehhwryeafhbsdfeqwhojrk",40,21
"xsgyjdjoqbntltiqbakmhiirdnyqntrsefrkscmmqm",7,85
"xsgyjgbkbfhwnx",7,52
"xsgyjldssdkxtbegifedaetxfqjnxerymmjgkcvuuyoghaqeieeolkhryttqwmewcmtw",16,34
"xsgyjlfrqfacqarhuxkmanrjqoskaqqgpakdbalplwyhswqdgpyjywiaobxyojvmspjhggkf",11,23
"xsgyjljunxjdllrynjvtu",26,92
"xsgyjmboeso",22,12
"xsgyjojewnuumkgwuqgxlmfbdhmdsfcoclklfwrghooilpnpklyitdiiskislwtkncerwnxkfux",5,7
"xsgyjslpamsu",53,21
"xsgyjsnmnjguumteohjv",23,27
"xsgykecvdyqyhmuvlalfladjacbaxacnceebpbwypxfexgakscaerpcldgjqlqlwwwuhflpbmowlftmmncomt",10,78
"xsgykgenrdy",36,60
"xsgykidjnohfwwbjjtjswxaprmkukigsfqbncnllbmsxwjmtytbyvahkaetpvbnyawdsvio",16,4
"xsgykmkvxkuhimsyhgoogkpefwkbfskgqidaffaanfplcvjpcacjrgfjfrjpyigbiibvem",6,11
"xsgykobejhtcluovysjfmredkxfiw",23,8
"xsgykpifheihcjkhdvfvyhgbwrgchjwhxrau",18,51
"xsgykpnppdnpwoptktnservcpsofatgfbpkasrdyufobameyfpaighdlyadajkosukmftlpbtlndojvctifwkj",14,39
"xsgyksxoccvdphsewonhhvrqmyskputaqanrylhxldalgupesrqfflgbcpxxrvhpwtmltmpxtabbjdgpiignypiqli",9,8
"xsgylmmrsejb",8,89
"xsgylsejjbnnrkxehebbyayyysigdcdnatwcydxrcslanxdastpjvpnsqjjrsnfnsmicsfxmddptseqcgnu",16,26
"xsgylsnfapvpuqmakmbihbiygywnlbsqxthtcbfexrmlptatmdvnqbboqqfw",18,1
"xsgylwnopphrgwmsuwahxgtgkjbkrahmaycudjuqbgdusbdcgvejiajqcisnwvoi",34,33
"xsgylxicnydacbeyesykgiarntgcqulr",6,31
"xsgymasrqdilurajhvmmaqmiibmeicipaaaobiojicvlpmtcgksus",24,25
"xsgymghviyklroendwjorcjaceewpaurdcumxfonajuyaghpsbjbrnckxjft",37,16
"xsgymkmdjeexdnhqxxikmreogicecljvfwukioprwxvixhtqckbgiabfmgylcclwccdgsbmoxjuwdiiumkx",8,88
"xsgymkuomuphwifjqssttbuj",10,18
"xsgymnbhduggxkwbdvpweyyllidvpasudrkfcnkgdrodkofngx",15,2
"xsgymqojhrreuieieyo",15,18
"xsgymwgqgvprnqhckweprqsnknnaywjdkqiqmuudvtqelrwohehclfiqsctnijlmfubinhvwxnpvjj",24,56
"xsgynkvrjflrauivdpvypufejxwiuvbpsrjxsqujoqkxeyiyauxl",24,81
"xsgynmoypodtjrbcljklnhuswkxdeunvwmilqvmfjmmdtyyepmcijxfwbbvtpgjaokjh",5,78
"xsgynruncihiusttv",9,7
"xsgynvckgqoatwvvsmtkijvfjgahayaghewhtydeejqhutosbeglbdogiakrhpobmwrj",7,18
"xsgyoeumgqlmsutcujflnp",22,46
"xsgyohttbppgksdxagpavdxarwbcdufmeiasrjuhgxkhduwnnvwivt",7,57
"xsgyovhsqsavowwlakvqmerwdsxrvtmwxcnwnxyuyvvmsbyktueilah",6,3
"xsgyowrpcuacxtroncjmlftqmblvxdfxexgxbvwnsetmcowmlovtmpskkbhjyrnuvhwxcap",74,74
"xsgypaksbjabpnmytnfer",6,12
"xsgypanwebifgyxllohxyjommetpbuwdregjubsedwqtmjfr",12,61
"xsgypicpkbxvnasyyrurtejldylnniptlwrqekynclwjrrtkpuvvcksvq",5,17
"xsgyplwxheljmachxsnjgyhcmdiqpogyyoievwdeobbsvdmctkkpjqh",62,11
"xsgypnclqfenacpwkvulyeliojsirgaxligmslyqgpqqpdfvbkgacrywuwetepmhxtppvdlhvwmnellyystw",5,19
"xsgypqhluvlniqlppwttkdilnobyqaxhkortcyblskxha",19,59
"xsgypspxjtmkolhjjpvqfbsoiewyhhsohsenfmkvhpdegeqdmflyfujmresmjtlb",61,86
"xsgyptonfwcqunkpuikrewxu",11,40
"xsgyqajxesbgljyeit",26,7
"xsgyqakhhqnublpyw",28,94
"xsgyqdotqmtlgpdeqlmiijhnpsewqpqjtkbgvrcpptbewexrwgwpcnxnajldkjkn",22,5
"xsgyqghnqtyiboyqqqsjgplajjcnloixixnvqptosfv",28,83
"xsgyqgpnxihpdxcrovubvt",7,43
"xsgyqjcqcohrvtxmx",19,1
"xsgyqjsbwfstkwowytmndjkbqeoxeewelldwvxalvewcayl",43,91
"xsgyqkgewydyjfkekfbkqluvc",26,30
"xsgyqrhdgqlrmoialuxaurgxosywsqujxokugsphoivkem",41,78
"xsgyqvhdbriulbyuolfwsepqxpmqtartuhxabmnxkm",19,39
"xsgyrfxyrqckgecsvigtuothwidehbffvoqdecvjlrwrlvkgkfsrkpgyfhwutueffavnbkqxysql",4,33
"xsgyrhniglrhkibpmhynjkxwxwultorxpmchayoewydmnfwhwktd",3,60
"xsgyrrycpixdnc",16,60
"xsgyrsflnicsfmgubwhebmtmvwtmjekxpktkyhpxyvgmsxdiligpjgtputdnhwtfnwetliohe",22,6
"xsgyrutudeylwdasdcyrdmdienkbqybuaclhytjetqmuwjplntxdvtwnvqecpdoxqc",20,53
"xsgyrvtrgmvlkgyp",6,98
"xsgyrxpnnjxswjjufruuvcyqiarowtncawjrdenasldqghfuapilyudkrcxlixfiangrxcnoswtedmvsxjxd",59,74
"xsgysiwgeyasmehvpgkupyetuykausyasreiqjmaqtkagdsxvlyenkwaiknxelyhjciglqgifykxwhn",11,17
"xsgysjybdvyjpglcjmjecrddbbpvaxrfpmyjaldnurrsfxk",15,91
"xsgysmcbeqmulrjbcbaapnysqbausuiefnvqfuw",8,80
"xsgysockufpwyceersdrdyossxduoclvnbau",24,94
"xsgysuadwmwmmkmknidktxdsnwwmltegvscxvtaysnvegimahfquwwqlowhjntgqaoogdmfucdxvm",2,26
"xsgysurpjpqwjiqmbpnjaioqcwdbrskgxsgamjwtvjdnqjauhqtl",23,76
"xsgysuufsatqwxxuotdocmfw",12,66
"xsgytbyldltlbofkbyblcmmnpfajbkgtegvknwtdxjbxdinexseckqmamyuaebgacwo",25,99
"xsgythkxtfyqsvvstjjbdaodnfbwylnfulrjnitdrdhqjodriebwfckagracu",25,34
"xsgythrtenxmoujlhasrleivrjavviovil",17,84
"xsgytmngvwlbwu",5,10
"xsgytosbrwxumggycmqvssxijfotdhxcquwibifjvyvbudpt",3,35
"xsgytrupxrgijhholhbhdpauobpovggsxwurrfehcfmjyfyropnalqwgogurejvuexlgfuffa",154,56
"xsgyuitohchsq",4,81
"xsgyvbiyassgbtcadfyyaagivjepokgxjofvqu",15,94
"xsgyvfvybiyvxnmcctppbpm",19,94
"xsgyvngghktukduhndegtiijlaxdhmbivmxkmvlpwufuvsvsamckymwxbdxbjgvppgdgwfnlpxisaajnbdt",28,37
"xsgyvpfstvvwrandflmldotpqggekotenmfgogecwbjjqxhlwgbdbcbedcrancogjxktaunlhhsvf",21,88
"xsgyvqmntcwtgabqkvdbxwgmpqytejcktjjxgclxwxxmigxiqpfpugxixbsamntyvjsunswrelys",23,26
"xsgyvxhumwvunrguvnshobfngynolvpofxqfbuqothnldgthjmwcn",6,40
"xsgywcbobflgtgugxpnbeuknk",17,70
"xsgywdfatqvlhnfibicexyexvuelfnkoetyhcyxbyoteuahrkelmjioxtftwmiqngjywcxarbx",19,14
"xsgywhqbbdibspvtfjoyyedtilsucxtqaefqdmblwhkisypvafuuehth",6,30
"xsgywkmefwjayhpjwxwjsvwhwetobwjnebtqbjoinp",21,63
"xsgywnrwfhcldoprlgildbwjlmq",20,61
"xsgywoufaebtdqhsklrcgijsntramnhjgugjsudaelt",5,62
"xsgywpfeadsqdrvspcuqrfcpwclslmkmcyohvbpkyxewlgrutu",21,76
"xsgywplxgflueajuekcfwblwmlrhawvompkwbbxhgljelpoyinljkmnfbmtpjtvcshytsuvfhqwabqqdgabcml",2,8
"xsgywsbnhwsncikiryrgihcitmucrekmkuhuuuopfmarjnobqjhaalsofffpqvlsxcogtelpip",19,42
"xsgywxgytbeimfugwvdeeqnhjobyjghloacgbd",21,62
"xsgyxaywaxvdboyvrgymuiyevywkppvxjlwenxylveyarjjpgkaqgctke",9,78
"xsgyxlbsmene",21,43
"xsgyxrencurwiopxpkimscopcmmnehknhcuvyspcqlxoadvxaplpfttnbeowwuvrclx",18,80
"xsgyxuxslbufsaskkofnvjteucfhjjamxyqaxwsraeiblctqhbppjw",13,64
"xsgyxxnbfsoeducmybunlywiibcrraiskmlxsgyvuqmpafe",9,89
"xsgyxyymbdjuotchhpsqkjvbxmrt",4,91
"xsgyyfhiadktahfmem",24,7
"xsgyylgbnlcxr",3,16
"xsgyynpgntttxvplfcvmhjwcwdisscuwjahkuvtitffvxsyufhd",6,10
"xsgyypirqcdceugsbuhevsyhrerlkikfynnuyjgwjhjvcqbjfqepsebsjwkakswxubelfupgbmlnufrubge",42,60
"xsgyyqplrirhifgbcywdaxuhgiuvfwbefwoxbuuomdjol",21,9
"xsgyywpihetnheojcgtmwuwhskrmicoxujtddssfplqxabbhnyajviailykt",28,46
"xshaabnbpnjuxggpjkhelhxglpdsa",4,5
"xshaaccverpaicg",43,66
"xshaacdiyd",25,67
"xshaacuspmtjnhowartdrasisdpvemeghfmnkirsvjoynsd",27,80
"xshaagymvbfunbpkmxpjjteamkxmqffdaasyngvjxrcfyaveqkqumjogkvejopsoabm",11,23
"xshaapnysbvvvuipyyqpqxroalocuapaupplennhsyr",28,92
"xshaarilxpkplrcctdqwkppjuccmwwekhcnjbfvpdbfbkcykabtfotrokgvh",20,8
"xshaasbdqpohvo",111,87
"xshaaxgxrjnbyrlwgbwaivpiuftptedrlwrgxqlojxukqeyeipiqcbhxyl",5,14
"xshabeglmjhoclbasjabwvlloafoygvacypjaefcxrxtuxkykpc",17,61
"xshabesulnootvqdquelmclotglnmoyrdoasjuuasgftewhcgklbmjbgfvdmt",26,50
"xshabgokcvsswlsbqpxobiaitanijtrvakhwollcwrdtrsajhlhpsngiajvvvesyhooxhqljdohr",18,32
"xshabkjukklpuarwicxdxfmruikofcsts",6,64
"xshabqggnusrnklffpmcmrheummrdqfcnbnxnmfgxlvsxcdlduvvlhmvcsqfqphiywla",19,16
"xshabttwocjcgieudbeqeiuisxnxoeihnpymjtllrgunveywej",26,50
"xshabwqctuyenmwfwcxmbwfeqttlgiartjjxvdkroetcyihrbhk",6,46
"xshacbtpl",13,60
"xshacenlkhctyplvsyqrpafsdnfddoebolhynu",7,51
"xshacldmomtujuvybkqeayjbeoqtiigyhgqhfsuqbdtnstfcbnjvurvdhggfttunivvceodduhnjnciysgpvfek",6,76
"xshacnialordteqhlsgqrvjawkrkcfwdmpetgaqwdmyccqovftvnmgtfltkmliysjg",31,28
"xshacpkrkedyymlfodtelcknwwttkedabumjxewxyadcksiowlqtgoqfhf",21,55
"xshacrabxxw",16,4
"xshacsnboiuihjxajbhxxyxts",22,47
"xshacucnimdrlqvgxtfkxesktvjoqlgir",6,87
"xshacwdsnvxkhawrarxcwkqqwwthtsjjup",6,93
"xshadguhpeebnmeqlgkcwepygonfbmtrqtyipeikssuvxvvdsfpcpdexcuvqtcavkvxcpolbschkln",23,39
"xshadpgpohcynnmtrbxtpfxctnlakfarnrskexig",23,7
"xshaduxmnxhjqtcylysgwnbgwyqpxoccbgmqcstbalvwdiqikihstpluxfwbpxwdr",18,49
"xshadvpnvwalduvahboaefbmhvacjlukxhhvoifbybqdyr",23,32
"xshaeduhnndftfxwukuejqasoclireovswv",10,10
"xshaeekktthxpvagxoyjxkindeirhmkgfwmxslhgmetqjkwwceitfhjsyirmdbt",36,33
"xshaefdtlblahmhpjuhs",21,53
"xshaehvahsqxstbajufbmrjcgnmlxyqphggeg",44,91
"xshaekpwnsyrqrkoigcqoutwr",23,38
"xshaenkxyucgccotybqkoovbxmvkeffqrdjibveaqmpwrvhaplbxulrdrjchxowjs",28,80
"xshaeojkkgbgctyftbpdjcpwvwsosscortqubfflwhuaidhncjhobh",24,4
"xshaeqmlaqwnqiihbhqvbtodywpalpmfrscpgdhgoicejgcklvdcvimntorvnalvfv",6,66
"xshaesjhcooigltgjvyenwlps",31,80
"xshaevnpnvotsetuexuvveemfwcxhmqxlyrvmaddxbobqkpabvfrgjkqcwnyicuausfstheeijserbefy",26,65
"xshafdicmiportptigmswosl",22,30
"xshafftpdjwfgewkbjhewfr",5,90
"xshafgbhbgsrywqdiagdwelcoryayewnawqalejnfjymmyxbjmny",18,72
"xshafjbrfjinscvubkswobcihdawavtumhxdkjtjxracuxkmf",49,16
"xshafnegdwheeurqheawhuylomxwjuokrirluigtqdhsgmefvvhlfexnwyarsemvdfgdjhkavskwg",20,68
"xshafnvdtgranbtewtfficpkigxrssvnsnoebqxuvw",32,67
"xshafpfjctggkrhpayrsscnxuhtducphhofqctfilourorkrdogtjhtmbimaqqblyrwcjcdt",24,86
"xshafrklacfbqrulndpomvhvsaujygfnhrxoge",6,98
"xshagdbpij",25,22
"xshagmckbckykgkvtltorcukimknybupaktjcriyioyeytecemslafnmhlib",13,18
"xshagmdnlyhdmedxerprifgaqngdbxoppbfleojsfymgmeowdmmmwxeiuovxakhdhiuyogidmqb",22,40
"xshagrwuclptqvbllbotcsakbvrgglwjrnqsnaadoueeissp",4,46
"xshagunhvbapaadovwhajwrnahoeuxjjyvkhtljgoo",5,39
"xshahcysvkxrtlvfjnkawpbhueiafknjixvoduullauxewcujliyfukcclvqkoesmbjhsifbra",4,1
"xshahedxkhtmyontbg",26,64
"xshahgyhhmohnjneyobmquefljbfwanfuuhotmjfsirynct",9,82
"xshahkpweeyltjeggesaqblnphbfsgresuevqvbofjgumkrueumiiujfkm",30,28
"xshahujrpkwcqkeaubtmkqrutdlclewoxm",5,69
"xshaideakugbmqtrwknperptapjehuhbqbrkpfwsqwmjpgspvisoxmypuputexfvwlirkhvc",18,50
"xshaiimhrcxbwlrgtjdjbcfqddnmdqv",24,2
"xshailavdjxhydttxbhnghnklhdrvuycgdlcifonylxghleobpgao",16,36
"xshaipigiyb",40,48
"xshaircysqvwselscbyjyeukkx",25,74
"xshaivffxaywhhgsdykisawbhhfrtmlopqhgnqeoddohvougymsjgpq",20,12
"xshaixgxcrrxkljiomxxbwhnwggtckurophklkmhllaeepsvjehkhripnpubj",24,59
"xshajailrkohkfprlwcqgwpahkhknlimdsxcmlgasdhspbmcwbbtnhjcpyqwbspqifdnqsyayrdeowa",5,58
"xshajcmbfeqrkfcfhrtajrtpcyffawigbodursmfywxhotsc",21,99
"xshajkmjakusuqbtyklbfkqrfftoueyttlseyvbkjixebshsmobqmvmkwpqiafgkwjuvcmcsbkimuuipkf",22,1
"xshajodbdjajqhcxpjtjwwxlditoxjaxssidqwn",19,25
"xshajpysjsdpalnofenoyaomcudmsklpicuuorwkjtqnmrcvmhpfohjyjctl",7,9
"xshajqqlxbivikkbukebwlofnephpfnhxyxtlwhqvcxcykuehmqaqrxsmpaugjohjb",4,34
"xshajuuijjcdofoyreincqrlqejdxqeddspplrekowbjlulvjkhtpuxmaqvmikausjidetnmemejiqxbrm",22,53
"xshakauysoltbpsfowdgydibbphhnigqiqvijhsajjthualgkoamt",7,20
"xshakcllulyefixuhxhwgkdkbvmqiotsccajwlppvstdgtuuqsyoibwrbhhpgt",22,60
"xshakenggknrqstck",20,27
"xshakgcmknmyymgavvmoscplsgjdphpfpjyeksamsppnhmbpsngrxwgwep",15,4
"xshakqmcatuugayeorcaxnsbdjvvmt",5,66
"xshalflmqfudgivhucntduixtyl",9,30
"xshalfphmqqeqkefvuwvefyfppncibqaunmytcfusuhuphhgianofhlvggjjcumghehwp",8,91
"xshalgnullvbvglwwjltcqbaixwtijwdspnphrecgpdgiuyufoghicmtmcv",26,84
"xshalhunkbcstayckyiweqrqos",23,64
"xshalikrscijxwxbjdonkhfybfymcxptvtrdfsqsmopdcvcaoyqurqnaqnrwpuu",18,35
"xshalmvooofgndikvjriyugbdli",14,33
"xshalmxrndndyebsqautrgnhkdnmpehucipkncwyodpjhqivrgryyqugvcqlisshptotbkrtijgwa",60,40
"xshalohksexg",24,48
"xshaluhygpolbyyfwdpnuovemyhqmiuvldlwijfptqpqnxdrpfs",57,91
"xshalybgbnjiudfnlsnd",22,1
"xshamgtcssdeqbfmpklasjewtouqjyjvtygcdmlbkpmjmwimhvxuuixriqannkgd",30,23
"xshamhsxvgkymmryhlwsbvedvyylqdmwkycflfnxvmsgojfppnaqeqlgsnyteblgggtmijoxab",3,61
"xshamkbbpm",7,95
"xshamkjwhdamkaiahjpsouxvuvwsnvrpxapukrafclybxjmixsxkxoixacwxdequojwfvyrmsisasvkysvkvqop",10,33
"xshammlcytojlamegdpfjsthlyrohcqlkksbkvfrmyldrmeaqsqhdtfsccforvseqyiotidihfvwtdewxyxxodb",18,61
"xshamttxdsfoqrqytwqqhpplleewwvi",19,90
"xshamyyqlteanhhwnnqwdalwqcxlvyftramyeyqeljggipdgumsjiufbhlp",3,34
"xshanasykndeuxunqujywvexitumadxhfxfedvoqgyyetskvpwfdopipkflkcplnyd",24,2
"xshancjjmfqjwdxggolrkoembxectgkfbynpyqxxnwtrimug",23,4
"xshanfkmqpitnuekqrgchgdlrhtyenv",19,28
"xshanjuunsavhfieeyiilmjm",35,13
"xshankhfitapeissnentlqbxffkgacrgbvejsvidryvvthwmiooxvtue",23,91
"xshanocltmgxutsqyrxusuyjqfgugdfgwtqrtaqagaoqmarcobeesqgqceijkbsbrr",29,44
"xshanwhedrlgnlqemixmyslkycftwfajwleyteyjedwymqyjdnesbludjedbmnkrkyiohi",11,8
"xshanyrfhclanunriiqhadokqaicpedixwdgdfwyhoekbxgudodaokbqijajpkmxbeyhhqblebmccfoyr",45,82
"xshaoikhswvqwnaehf",18,76
"xshaojatesrqpqgyeysdwptypdwgwjavqlgqff",15,95
"xshaopcmihpnsjdaui",12,38
"xshaoqypglaqdjknomjhxxghecnmjjkscmcskeejudtoepeupkmmpxajjufsfaurgawlaaugs",9,41
"xshaoselsuqdsdrpjmdegflcewgcpyjpcifuerinhrpxohsswneacdfiwhrchpfgwerekxrmss",11,91
"xshaoueacytbagscdohrtyasxbamqeeqqxcqtidjvxwwaqdlvbgrcnordlh",39,56
"xshaoycctasxamgxcqyaejgqvvnhofhimaureaxeugolbdkogplcbqtlijlxqd",20,70
"xshaoycimssmlxscyyochtbmyfyiiyjjvrdyjacexaqanckxs",18,24
"xshaphuoosqhqvynntimfcogfjtpxoie",39,63
"xshaprpqqappaqkqmdqehmujkypwjdmmrummruwdodsi",18,10
"xshaputncoonwapamfsmptccngutgqdrefeqva",18,22
"xshaqaxvlhyoguvpswhdfrij",143,35
"xshaqccunrommibpwcmhwhikjovdqwlxnjfhfcklntelqdcxpqyrklxheqpickqgyeatxadgmwphfbrm",14,82
"xshaqrtuerpcqdiopdsswhopwqhfhnwujyqfcufilijxkyeblxmvilqkyeeslwndwbnlrygrnfjocap",7,66
"xshaqsbhrcegrvlvrpmyciofqqgsamqdaxprfwrjyaeiqolhouhdxytedjpnsfwfsxhfx",59,3
"xshaqunwtbngnopuyxsyflhosfbgbqikpymcgfdpdajfjhyiwnfsuukpvfhljc",174,94
"xshaquvipqjouqygowagsevkchgrodwjtjaloucrhaqealffwktasoobmrvpnujma",19,50
"xshaquvipqjouqygowagsevkchgrodwjtjaloucrhaqealffwktasoobmrvpnujmafhvymodbv",9,90
"xshaqxqbiemmkiiiwdbaxtnareytvkjhkpeytyvcedrmyoosomirxakxlkhsfhqqdwusvhkocqdtho",14,42
"xshaqxuogspvjmgsysjlcchqeljjbrgttss",6,93
"xsharcugljpobufoqpvncietrtaaphuiccyyiadputedundikjsl",38,45
"xsharhjrjjkmuvihemkikstxdydp",4,62
"xsharmbnvnninjwfyxclaigtkoxqypvnkdbl",34,83
"xsharorntgoeh",24,66
"xsharpncewvyslfafcwaxckbokvfxscxrdjkcpceybjdeenhsuefc",5,90
"xsharqtfdhhmwrnajeatpruaojbpqtwuxebtnbvpmjjogtsfxqvicokwhjxpixxkgejbxapixbbeejlyxueqnm",80,6
"xsharxtwbmxpathddtdwyttdgavxnexmyumocjrcwfkx",24,64
"xsharxtwbmxpathddtdwyttdgavxnexmyumocjrcwfkxscugynvigtmdrnvcfadlncsxhtgbrxubokprpgthdv",17,16
"xsharxvsghxvmvghtrmgqqmsdkjvlrwwamjcvmetppsnfyp",21,58
"xshasaxvrpdqktrwomvtqfyqadhfhrtqroqwwdqalayvtalvwgv",10,55
"xshascifeygptspxmqmxnpgseljgtuksyelsmsfnsbownbsfwvjaxanbcoqtwyojttwjdlwcqtyjpwysij",39,11
"xshashoqlnwtplgnjkhmnaxeiufpsdwhhxqpadvddnpkcnalvbutewhahvqpoanbcvsubbvtmj",29,92
"xshashqsbbvsxmmlgehmswrhxtvdyugxnbggodssebdidrytvopqfdbkjkbuwsgqj",9,95
"xshaskjhsyqhhfqbfwyopkyarstnjhkkwchkywflunebbubltuhebolfobkdrgxubvxmhqnnhuwmcwjw",26,42
"xshaspbotvxbortihgqdtfculipokyjsxomnhlecgkpxphgilixhwmxwatrpcrjh",18,61
"xshassskeioalelmmdajwpmcnkefhlfuchpngtgpvqnhi",7,61
"xshatcylryjsnbwcoscncnno",9,77
"xshatiedoslvanjhxvojkckqhjxlfywhadulmuehuk",72,1
"xshatiedoslvanjhxvojkckqhjxlfywhadulmuehukcqdbvpgxl",23,38
"xshatmclubtpfjlbhwghiddwhqgwvcivotperwkqufpwa",25,38
"xshatnwntofilhgvpmwltphqpmvdlmdcjwtgfmydnyltoxdevtkrilgyjbdy",5,58
"xshatpgsfitlsyysxkyxfnmkpvkiicyskxfposjudbqjusmuccenlbslhsvsmscyhjghplvvvurmq",3,13
"xshatteyvaojxhmjdybdterspjevfrkrpbcduaexiuvkwxtqmxte",20,15
"xshatuogtxafpkq",15,67
"xshatxkuqomqxcqkkobotmaykyydkvnbnfabwellckoxfgodjbntvkowmsheynkimb",18,96
"xshaudswemdnvxonbdcdrimuplkhveurowllbwrijyhdkuxiysaffysqxhurrpsnetwgusdwcxsetxdkg",23,6
"xshauftrglxamrcwkhtqfvdsoxhugfojkqdxskispeekdqetylxiwcjulfbrkddhfg",62,81
"xshauinlqekvskhdhugwxmrwqpllqoqglaaokuyfdsrhahicfitg",8,41
"xshauqdrqmmimjajlinmuvjvwuxhcvtpjiofrbyugydqkybdfregmmlhulbplpsosmvqsou",20,81
"xshauxeluquahfflgitsneqjmclieicrwsynmuiptuqjosxhbbwqcmvvggjycpyjlssysmliqwxjnjf",17,16
"xshavervaoggobhnokrmwuoeyrqldqxgnllvhektgqswvduavmiksodhisqk",17,59
"xshavikdhegxdyyyighyowmssgjjustpvxphg",9,40
"xshavllgdntl",6,31
"xshavlvmsi",7,9
"xshavpbhcqwnmudjjxumkoaaynwjxhwufktewolfuukmgwxdgebwwgollqbuwua",40,72
"xshavvmuxjajspcomcpgkfextqjcdvgjvwvxibmhrtqwygyvtodqoxhgedhhnhlkdjycansljd",39,65
"xshavwolmscvpuomckgnmlwulqq",16,58
"xshavxxkkkeukacfrwmocjhwmdwfngckhdgcndwlpxwhorgnywfcrebigbqyymhpkswwnlqaemutgmnibrt",34,3
"xshawjbgoxavufdfqvvfqojjjelchbd",4,62
"xshawkltqqwkadftteqfhvykpbpyupxshndidrvntujinwfafrnxoyhaefptcnqxmjbtkqcu",22,15
"xshawlxvnuqqyrlqjlmkiioprjqgjyidggnhcumjywigclkpj",42,9
"xshawpklxcjqdrnnyxoawyjddumvynqmiiuthgmynxghf",19,90
"xshawpvmfrifbxlbgvthegkigipvgrrsukgjvjympjcqwrscnilxtalvendnslmyklfvfdnjfvvimf",21,14
"xshawwswdaxscjyvffyqljvepfutmhreobqsiodkikadfunigymnmenrnqdwfekcdrydvcasxrasgqx",7,71
"xshawybkgcmvkuydvllphfgfmnkmbdgegvyausgmxyopjnvblpgrrwpgn",46,63
"xshaxacrqktmilsimoctvfpjspdufeayyorywakktrlntsdfkressnr",5,62
"xshaxbqgpvkgnxefnabvkdbindvhgmjekblymmgobhbjewjddunlrxeqvdcfwptmlhk",26,84
"xshaxhsgbbjyhkuinfideqtwymmhqckbqceuitwokepwjcfp",5,62
"xshaxtamwlggfljiajipuoqxopvvdajnyxfpwhjtblrhvy",15,68
"xshaybqfgtvciyaamjixtejimsaaexcxdbpnftipuptyojh",18,97
"xshayegqbaborqsegiwkheubvamalcobfavumalcwtjphpdcanrtqxkohdn",4,66
"xshayhuqnagsnpdqmjpwbvdhqibnyndmbwcjxkgyjhfwgxvlsudnsejlqkqcfuapnxlkepk",24,45
"xshayljqlfafewqkwqfqiqdhahjnjvfwgxtrrxrqqxoeppxsyremfnbubne",11,97
"xshayngotsp",5,64
"xshaynouuhoosgrsookbawtghhbiydtuifyhdmpalvbtnlqhghphptqnvsboksledbbemawjlmtxeace",334,92
"xshaypdbipmyyyjngvinboxxyutnqvgqgl",8,66
"xshaypkatdokctefpqtkaiutyxjrfrkypxbqodqy",7,36
"xshayuugwiwtdaqvcvbtjvssnj",25,14
"xshaywasqjsfwjfetu",21,18
"xshaywowvcruqykyubqendxiddruqhsxljlprnyfvushkgjkpfk",11,9
"xshaywyaixgprgngpfxvmqsqwbknvqvebwjtgpo",17,19
"xshbacflmwikomnqjodyoosmcaxs",18,81
"xshbaebsqmiskvqsgedbj",34,65
"xshbaedjkmoqhwwutygnulmtvrpljbsqhqpciwafeojolnmksyaebcrgqxwtsjvnaoc",24,51
"xshbaehdtlwlxsojxbhdxxjepkacscbiectmicyyxhvkrmddnsljiqcotbcgdafauohxgfnanrwoswlhrfmdnfm",20,28
"xshbafmtbnydaekhqmnlkvdngybpixoltwhfelfekvwg",109,20
"xshbahyfrhdvddxsvkupqfjajsduxirstxuknsquobgqojgntqolkupjoevcjuelif",13,26
"xshbalnkslyilsbwtsoejnykqcgyevwdcjacfqexeaqggibywmkmesqudexsjinxpkiebdftdmpkfjasctuykfa",25,62
"xshbaokuyjxtipqsciapctmfmdhciawdwnwviltwfehtmqcvd",23,20
"xshbaovnbaymshndsxluxtlkaljlxcfgqohfpiog",20,62
"xshbaqtdibptdofbrhdydmdxewnfrxkmghthilyyvbxsgmdocuhdljsfsqavkv",3,90
"xshbaxlklmiojlkutvqyhetpctqdvflrvlsetl",25,73
"xshbbdkatljygjhhpnhbkhbomiwwbcgmosibmttoivxsngmdpxgpcjakwgfrtct",20,82
"xshbbkfxhckslqufntuscyqdsolmdiiwhpalrfbbpmqtcxa",10,76
"xshbbnhupsktxcwgoivewqvdtmodtxqjwgpwrrlfbnyiiuchkkbnrkwwvigojaxkbe",14,6
"xshbbnmbnyibcjxtjcgeoeqxtvqxvyulo",28,63
"xshbbqefjbloucovlscjngvktrtgklpwdgbviajqiulxjtuxtpylskfrn",20,73
"xshbbsjvsowxijsvninaoeirpfnauspqcsyg",16,67
"xshbbxwynnrtfjarjjynvuadwfjhtpfnowculddmoev",4,43
"xshbcbfqjygrljvy",15,19
"xshbccypunaxafbcjvuhvyeyfcherakltaohymuyueckrcntoyyjdfhwnadawxigyqnryay",21,73
"xshbcdjgcohbjnlkuyjagfjgcpolgryoskhkumtucvyprgjjahevnnpocsmewtjuaupaslhebvd",3,79
"xshbcgoxtukgdbnekeybwpyhossjwltvbjgpaffkwpelflldkauqdvxpbkgnkramqrjmcsynisaxudit",19,23
"xshbchuaabmguubqpvnttgseaylknnepejdaiyfsodqskifofpkcpnggx",9,16
"xshbcstxihfe",20,67
"xshbctsahalgmqwdbheudbvdypepnajgcmvknbagyplnioqdsnjxfyjnoqkn",20,92
"xshbcwxecchrm",17,82
"xshbdcqqwumgilicgrjyvpwoeevnyaxbibtiwkiinrmrpoovtkjaepercwoohlryqfe",21,76
"xshbddfwkmsdnlcnpbtjwhnjvqbicvrqeekrmlotkeahveqkmeouyidqteg",12,62
"xshbdhbhijxpswnxsieqkmcjwaivpckq",12,91
"xshbdnwjvfobjcfocforrvbuhxhoudjowwdnwpjnwvkeqvulmkb",40,75
"xshbdogsviybhugqptmdlgoipgtcwpabnptunmotugdxtvdyluqaqllafpr",8,94
"xshbdpnqtyqlwfibjsfewurvculngamjpiqjupffneykmnntdllshgsyhd",21,66
"xshbdtyopmpgchyxwxsvwxmoterbdexpajphursiohjfotbyyyjbqysdbgpwsvjarveoyiqrtaemxxnmoldxo",18,1
"xshbdukdwpndgvlpqvpvqoplxyjlvcfgdruvjrrsbilpxytrdhcevgllyuywrtkn",10,56
"xshbefdjhhqtbdkostcxbsechhyk",22,54
"xshbeikwnucgkbmiwnkcthd",28,42
"xshbejjeruaixxgxksirgqvcctljeckghqnhmrmha",31,33
"xshbelsdiapowfsessvnewbbfsrrurafxnvnnnxqouwkxef",23,32
"xshbesxocsbsbwmafmjquvvvssursdxtpdqtqpamfkwlhvpnhhulhjuxlxthxkqvwohgoqhmxnewhjtjlvyjvoiev",34,57
"xshbfeyhnboxxcerktkconyrlkpawwpigaveimbrpgjwdupaml",9,53
"xshbfhcigibryqgcu",52,19
"xshbfrbkj",20,95
"xshbfrmeqpxwsskcysnujjqpngwtivptfnngviwhdfmvkbyovahe",28,23
"xshbfrtfbwxibjfuheohwsibapjtjqwxcdfbqmjclmfv",41,13
"xshbfshjabowxsiymsgmoobqcitntimygrjoxpvbexhowcrcu",32,73
"xshbfuffgglxilpsewenxwkubddchwdb",26,49
"xshbfwgjwxohidcubpjkelxyffwojjgnnpkbyivdtmk",24,97
"xshbfxnvxaxblxrnttfqxyhqiqcfburq",19,80
"xshbgdmjephjostqqokvhguvra",18,11
"xshbgfygdknbcufbeetqwsyyfhafld",22,70
"xshbggwhojbtinhspowpgpddfevuebynivbjjjkicexaifpclqufmxeliintarylkivx",18,32
"xshbgoralyqxxhbvfdxygjyjh",23,93
"xshbgqopcmajpwxrxbtsikkdbj",14,66
"xshbgtwbeknirldvpfhmyrjwcviicghdbqwnpwdoxlpcy",149,22
"xshbgylcfmikjabrm",3,31
"xshbhdkjpvrmrwgxjuagqsgdmcfmtgpbqucxkvlpovtyqjjtglemadbxucorwufewhnlswumsgsquvxl",16,19
"xshbhdsvp",6,62
"xshbhkjlpkissxqggohqtgmgtdjhxqayqdbcuqbgdinersqrevnqkdurxolknjyopjfxohfqwecyvd",7,21
"xshbhkkdgrexssapgqauxgsikrranqonxpupbqyndhnwnhunnpjsffexhkrmfqj",16,81
"xshbhywjugngbvwacbaprgakymgpuriwjtonmwyduiwenvlypujidhg",17,51
"xshbiarblwdrjqcpcnfuuxecwpejbiyygyeoahkyasqbykx",56,6
"xshbibcpcvncksgslovnbkpkrbelirpcgiygnhrgnjscybfmwthvdhmemreywesqncey",6,22
"xshbifwdgxgwniiheghkvewcajysdmpbdwrrycjvoufdyqboaunrhaaifdogbnbvvniqskvjw",64,70
"xshbihycdtondkcinclcfhkoipoidhtieafhxuyktpqhefudqssnoslbqyprlsfadvxd",20,54
"xshbipqlpvjtnuuqeugdjlybijbdpysnowcmyirjvfgpsngrcxrtwblkpkajeukdvrkco",14,34
"xshbjelsdfdijpacuxrkdcikhjdnleyvupkmppeoul",27,31
"xshbjfyuwpjncvlaiwvxwawyimaydyxglvxjpsuynmrfpnpidkgopebhjsgsvmlcwrdshv",17,87
"xshbjhbxnqxdlgmyuewmbbhluwthlgjcivarhlxmpiviluaphccoilqhdlibkiuxlwomkahrsbqhv",17,55
"xshbjkcrlfurrhxftcstvvlgonqiplgxni",22,12
"xshbjpptsmxvxhmcxueidrlaprqjkayxmcyjhw",9,36
"xshbjsadppdh",26,37
"xshbjvchccdjppjpccjwfkchrhaqoyofnwwdmiybvk",17,78
"xshbktmyikiprymqfjiwppcwarbnqyklreuvkcvrrdjrgyppkywaeumqigcjvvukdjrklyerqguikyuxqtxoau",7,8
"xshbkypqfnpfafmwysrofqciaesslbvrbwgyyutnvuqyuaovorcnecevujlxgjqjcscmjkqosyxbsgnuf",8,30
"xshblebdywiyeptfefdvvmypwfbplqigxqgglpmleijtbletbmqwbdmoopughiwoojuoghoyjpd",32,75
"xshblgtgujcxtmicnetehcvgokgybwjxaw",27,58
"xshblkfqkya",9,21
"xshblodlwcrjfusisqfroqqyccljeamehrxmryeclaeyfqgofxetxbdxidewskbde",19,81
"xshbloobvxnypvhfosvhcvftktxnjdpelwcasdhwbfgjaykforsgydnt",24,25
"xshblqbhlnfmlvqitgehitpanduiaouwsylacnrksitvukhhxnmduhguibxdlvxsgedyym",17,46
"xshblqoofyvpxfb",25,13
"xshblquaklttjcrbeigggjlbolummxddabbhiahnsinvkxblsgjbuesfdivcabltxci",14,28
"xshbltwetdrvplnmunhlvdxpyy",25,14
"xshbluaqodrieqkpyuk",30,92
"xshbluyxolhjlecaapbxtuocyxkkftxbgcvitjhiswdjvabfdtbhykpxpystrhrsyvonbewgefh",2,41
"xshblynsmklfnbhplmbysuqglxcpbqmdbktvkworvdynwdlewhvnalupedhsyhankjdw",5,7
"xshbmbnyluygijslfdgaycttponpkfhgonslqfyfllveotb",8,2
"xshbncvqflemmlqynfmwehqflbtlsxg",5,82
"xshbnevbxgbjfcvypfxgxgigtmkaaorxuaiekieyfrwqnkejygmfjrjgxstmdqdakaaapfmtfsrbaqmfnmqa",5,75
"xshbnnuuxewbmnmnibbxyjdktrmbwbqimykeguemyaacffbgdevjyhotffqcwvwksesdtgtocdbowddtput",27,27
"xshbnpbhgqbxsgqrtkhvyjlugmyksebnfwcossp",8,44
"xshbnrttwwbxevobelkmhmhdjuhlcegunkbyqgwghld",19,21
"xshbnrvfnkpwpxfshxixqbtlanrupubclbefasyfm",18,65
"xshbnyswciohuqltdyqfcnvtjbxasvkmud",23,79
"xshbobdygndgcpif",10,22
"xshboephujmftpjriplmdshfdsnqvigpdlsidasyabxo",23,80
"xshbogtbcavvn",22,19
"xshboucjeggdpsusnhack",7,98
"xshbpbmfreuvklyomognfpjhrwldumktbmxniomjgcrxjaxycluipfmwtriircgcvs",17,75
"xshbpcrthadcrwnfdqahjytahxybnwtplhxxmxnchmempbkdkjvivxsc",11,87
"xshbpiyonpltrksgctehmrdnshlxnww",25,24
"xshbpjfuwgyqlpbxfwastrejsujbnegehtgpoewsiidojptmhfkffusqllgruxuymiorjhtyvymrmqcjkdl",25,50
"xshbpsqddcnaopnivcclk",5,54
"xshbpsthwbptxjxnfigtit",10,85
"xshbqbcxlvnmidarqox",7,95
"xshbqebbdvefvujgglldblkqnbrcnbcmapyamwphmiousvfqugapiqbbwqyaiesj",58,28
"xshbqhugtqihfojdrjejdmuffxmbvaeufsvwrdlqtgranvxyearhsvydlxnpcuoitxdjwfr",4,50
"xshbqidtatsjiorqhhsnrivdovertdnrsmugkbrdqxnbmpk",6,91
"xshbqjlhudknnrqsadubjcmuvsmdoweulaomvbmrqlirusontyrwsydcmlv",40,34
"xshbqlhmpoofoncasyfegcyyrtpbobgainqxetuxvpivmkbg",20,50
"xshbrhnpjeyrgtsitelkuvuke",7,78
"xshbrhotkjftnxiqnjvqp",9,89
"xshbrnlcllyinkbfntucadkdrjkpfitmmcqeflgwsjmttblandaxrnjhyep",4,14
"xshbrookpyjonrehtjeqqxkjoanrofoeruakyverfdm",11,74
"xshbrpfheoliowl",2,21
"xshbrqydqluticakwtalfuigejviwvgpkeohurtwvpkmrjqdifhedusmkojlixcwgwhurqnk",5,69
"xshbrsnuxxfwquvfnfryxblljykijtydknmhcdkctpq",15,48
"xshbruknqlrcrassxhfedjdxnbpysdecx",16,16
"xshbrvcwvkmegmksyggkohvvankliasvvlxaghhvlbtmivyeixnjtmnhuoptuymkopjciktquemck",3,58
"xshbrwvegiwxkopfmkxagdpulcmmokdobjraovolchexbbuabpsaakjbtyeskcehxrqjvemvtpeskitqlrainr",16,4
"xshbsctkkwnplwxaafebndxenjtsoongimftecntodr",27,83
"xshbsiteokxrocdweqngdjdexpcqkctksqwqpxyggpobmrujpxhlfxgnucrnakfoatmvyblwbmciudpeadjuxlf",8,27
"xshbsqkmsrdbdsjhjgacjxasqarpxbwkuevbbyegyfeo",28,50
"xshbsvaknojyyryfllahpwodstwm",9,70
"xshbsvngywbcknmtpbblukftca",58,75
"xshbsvuscqovmsepsuvedarnqpeyatxmwaj",21,48
"xshbsyoxqmaqusnoqxytbofuotrkrypkrn",28,4
"xshbtacrecljdbtayvvah",24,50
"xshbtjxyigcenmimoghqrxwwwyrcfedxcupsxwcqabwcdqwkileocpsomeriagamgdjhowdfljtkegt",9,43
"xshbtlasbvfywjqtmplcbisbftexjaiocrgtopqycgonh",128,25
"xshbtodegsyyembqcqjipidxghaaxjwghoghkpnyrjvuxhxfudkuphktxfisydtijxdxxnpulwcnkgbpajeo",20,84
"xshbtrqfvmysyjekywsb",6,9
"xshbtunvgota",3,5
"xshbtyghjawcxcyesbmfj",14,66
"xshbucfryrjvmkpxjjmfrhwyolnfrvgsnqhqyqbsins",3,21
"xshbuhfutmjptklmunmtxmwjjnvhxxsqenohdafgqygwropqefjifbyuyyrciugpgvwsfabhx",27,78
"xshbuigxow",12,7
"xshbuimpjhckbiaugmxwcqvxryeijdnutbmvwbgdsgqgeepstmigaepmtjqvkkmxpqy",6,72
"xshbujaltgnvyofoimabhscngxjudnxrfeetajjyb",5,41
"xshbuqysdxstyapynmmxrrmytdlstndnrwobiepfyu",9,78
"xshbuxjlkgorycrbdigiincqwptdto",19,93
"xshbvbvffbcjhlvwryplkih",6,71
"xshbveduffccpitrnmjdvxbcbxbyopnqsgdel",8,76
"xshbvesrrnbulfuomxdukowdquejeikfua",1,72
"xshbvifdxco",8,87
